Method,Simulation,Epoch,N,Actions,TrueNoise,LengthScale,OutputScale,SigmaSq,obsBest,trueBest
Separate,1,0,500,50,0.0,,,,2.6151790618896484,2.6151790618896484
Separate,1,1,500,50,0.0,"[[3.8723061084747314, 3.3477931022644043, 0.25159046053886414, 1.0459589958190918, 2.2050323486328125, 3.20395827293396]]",4.148309230804443,0.012129804119467735,2.6151790618896484,2.6151790618896484
Separate,1,2,500,50,0.0,"[[2.3357455730438232, 3.9249770641326904, 3.646519184112549, 3.0165176391601562, 0.1819387972354889, 3.9582507610321045]]",4.059685707092285,0.008185979910194874,2.6151790618896484,2.6151790618896484
Separate,1,3,500,50,0.0,"[[4.042870998382568, 3.8605334758758545, 3.9293062686920166, 1.5170491933822632, 3.2068843841552734, 0.8454511165618896]]",2.055170774459839,0.030446290969848633,2.6151790618896484,2.6151790618896484
Separate,1,4,500,50,0.0,"[[5.101751804351807, 4.005859375, 0.7691996097564697, 1.146112322807312, 2.1056981086730957, 5.407100200653076]]",3.89281964302063,0.024793550372123718,2.6151790618896484,2.6151790618896484
Separate,1,5,500,50,0.0,"[[0.8566571474075317, 1.6413698196411133, 1.896952748298645, 3.190554618835449, 3.4469223022460938, 1.598961591720581]]",2.6398210525512695,0.02756103314459324,2.726936101913452,2.726936101913452
Separate,1,6,500,50,0.0,"[[1.5068520307540894, 3.107914686203003, 0.6839977502822876, 2.0302445888519287, 2.869493007659912, 0.8470810651779175]]",1.9025284051895142,0.02811647392809391,2.726936101913452,2.726936101913452
Separate,1,7,500,50,0.0,"[[1.0264830589294434, 4.388806343078613, 3.0533485412597656, 2.0634608268737793, 3.7415733337402344, 2.225245952606201]]",2.780442476272583,0.02950170263648033,2.726936101913452,2.726936101913452
Separate,1,8,500,50,0.0,"[[5.05096960067749, 3.406024217605591, 3.4337446689605713, 0.7809091806411743, 2.4631011486053467, 4.385181903839111]]",4.58486795425415,0.035655539482831955,2.726936101913452,2.726936101913452
Separate,1,9,500,50,0.0,"[[2.856142282485962, 2.3030548095703125, 0.3674290180206299, 0.7568202614784241, 3.5424211025238037, 3.921908140182495]]",2.1521425247192383,0.007294272538274527,2.726936101913452,2.726936101913452
Separate,1,10,500,50,0.0,"[[2.55898380279541, 4.122933864593506, 2.7679338455200195, 2.837630271911621, 4.092979907989502, 1.9776637554168701]]",4.346984386444092,0.06384172290563583,2.726936101913452,2.726936101913452
Separate,1,11,500,50,0.0,"[[3.3078951835632324, 1.1468515396118164, 2.4782886505126953, 2.3469505310058594, 2.9137556552886963, 1.9408326148986816]]",2.432971715927124,0.028699098154902458,2.726936101913452,2.726936101913452
Separate,1,12,500,50,0.0,"[[2.664182662963867, 1.6925721168518066, 1.8376840353012085, 3.125333786010742, 2.927757501602173, 2.6447691917419434]]",1.727159857749939,0.024472123011946678,2.726936101913452,2.726936101913452
Separate,1,13,500,50,0.0,"[[3.3425068855285645, 4.584568977355957, 2.5195839405059814, 4.076663494110107, 1.5564509630203247, 3.2923569679260254]]",1.4874516725540161,0.027378631755709648,2.726936101913452,2.726936101913452
Separate,1,14,500,50,0.0,"[[4.491862773895264, 2.245973825454712, 3.251742362976074, 4.036034107208252, 2.7720961570739746, 4.555643558502197]]",3.246650218963623,0.0594659298658371,2.726936101913452,2.726936101913452
Separate,1,15,500,50,0.0,"[[3.1230320930480957, 5.846924304962158, 1.0154021978378296, 2.3312456607818604, 2.4931766986846924, 2.8728420734405518]]",3.6197829246520996,0.02685784548521042,2.726936101913452,2.726936101913452
Separate,1,16,500,50,0.0,"[[2.0261263847351074, 3.2599713802337646, 1.8292479515075684, 2.696537494659424, 0.8464475274085999, 1.3398587703704834]]",2.8537960052490234,0.028529133647680283,2.726936101913452,2.726936101913452
Separate,1,17,500,50,0.0,"[[3.035487413406372, 3.918092727661133, 0.6590800285339355, 3.497072696685791, 3.0093398094177246, 4.33381462097168]]",3.745512008666992,0.036302968859672546,2.726936101913452,2.726936101913452
Separate,1,18,500,50,0.0,"[[3.518486261367798, 1.834658145904541, 3.8005948066711426, 2.409421920776367, 1.9935004711151123, 1.094840168952942]]",3.6777892112731934,0.044594746083021164,2.726936101913452,2.726936101913452
Separate,1,19,500,50,0.0,"[[1.3522140979766846, 2.9450578689575195, 2.5866596698760986, 2.934257984161377, 2.209688425064087, 3.5942492485046387]]",2.7712647914886475,0.09449504315853119,2.726936101913452,2.726936101913452
Separate,1,20,500,50,0.0,"[[2.1293437480926514, 0.29941126704216003, 2.6463375091552734, 3.5974650382995605, 4.514461994171143, 1.5185577869415283]]",3.8841657638549805,0.01004853192716837,2.726936101913452,2.726936101913452
Separate,1,21,500,50,0.0,"[[1.5693327188491821, 0.49015384912490845, 3.5648694038391113, 2.3720180988311768, 4.139160633087158, 2.6492958068847656]]",3.2751624584198,0.018062973394989967,2.726936101913452,2.726936101913452
Separate,1,22,500,50,0.0,"[[4.030141353607178, 3.3594207763671875, 2.8569142818450928, 0.13497702777385712, 4.6320881843566895, 3.0464348793029785]]",3.6127336025238037,0.01686425879597664,2.726936101913452,2.726936101913452
Separate,1,23,500,50,0.0,"[[4.430920124053955, 2.3849260807037354, 0.5004033446311951, 1.0151410102844238, 1.9176949262619019, 4.858042240142822]]",3.8650777339935303,0.027312997728586197,2.726936101913452,2.726936101913452
Separate,1,24,500,50,0.0,"[[0.9490287899971008, 2.6996612548828125, 2.3754029273986816, 2.971048355102539, 2.903095006942749, 3.455109119415283]]",1.3458011150360107,0.02471916563808918,2.726936101913452,2.726936101913452
Separate,1,25,500,50,0.0,"[[2.4762721061706543, 3.2456109523773193, 3.8985090255737305, 3.6238725185394287, 1.1402297019958496, 5.488838195800781]]",2.534409523010254,0.04442496970295906,2.726936101913452,2.726936101913452
Separate,1,26,500,50,0.0,"[[1.7970114946365356, 2.1770875453948975, 0.7624921202659607, 2.7381107807159424, 0.6340212821960449, 1.961052417755127]]",3.0039174556732178,0.030305657535791397,2.726936101913452,2.726936101913452
Separate,1,27,500,50,0.0,"[[2.2135555744171143, 1.1795448064804077, 1.2393333911895752, 1.1504453420639038, 1.863189697265625, 2.4077346324920654]]",3.2729551792144775,0.030410034582018852,2.726936101913452,2.726936101913452
Separate,1,28,500,50,0.0,"[[3.7167162895202637, 1.7439830303192139, 1.4406816959381104, 1.6104656457901, 1.1595220565795898, 4.220105171203613]]",1.5505589246749878,0.018098223954439163,2.726936101913452,2.726936101913452
Separate,1,29,500,50,0.0,"[[3.6098873615264893, 2.358665704727173, 4.071727275848389, 1.9665623903274536, 3.119556188583374, 3.376710891723633]]",1.0892027616500854,0.034740857779979706,2.726936101913452,2.726936101913452
Separate,1,30,500,50,0.0,"[[1.7392947673797607, 3.6106603145599365, 2.99210786819458, 3.435469627380371, 3.0499863624572754, 3.6686930656433105]]",2.860637664794922,0.055151306092739105,2.726936101913452,2.726936101913452
Separate,1,31,500,50,0.0,"[[3.357145071029663, 3.283543586730957, 4.12576961517334, 3.8388843536376953, 3.8035876750946045, 2.3422741889953613]]",1.3736412525177002,0.0315747894346714,2.726936101913452,2.726936101913452
Separate,1,32,500,50,0.0,"[[3.458632707595825, 1.7992076873779297, 2.859537124633789, 4.179485321044922, 2.8510303497314453, 1.0880454778671265]]",4.066851615905762,0.044375766068696976,2.726936101913452,2.726936101913452
Separate,1,33,500,50,0.0,"[[1.3849486112594604, 3.7529726028442383, 3.611618995666504, 0.4916076958179474, 3.0411243438720703, 3.9079885482788086]]",3.481628179550171,0.03527076169848442,2.726936101913452,2.726936101913452
Separate,1,34,500,50,0.0,"[[2.5186729431152344, 0.6491848230361938, 0.44217753410339355, 1.6276098489761353, 3.4318957328796387, 0.6824005842208862]]",3.6488397121429443,0.011261600069701672,2.726936101913452,2.726936101913452
Separate,1,35,500,50,0.0,"[[4.361855506896973, 2.801091432571411, 2.8552865982055664, 1.8201924562454224, 5.585677623748779, 2.2201290130615234]]",4.705313205718994,0.05377569794654846,2.726936101913452,2.726936101913452
Separate,1,36,500,50,0.0,"[[3.5781466960906982, 4.69215726852417, 1.2850127220153809, 1.566024661064148, 5.414700031280518, 0.6110302209854126]]",1.642662525177002,0.009257291443645954,2.726936101913452,2.726936101913452
Separate,1,37,500,50,0.0,"[[3.025090217590332, 3.448059558868408, 1.0429478883743286, 3.081254243850708, 3.8524351119995117, 4.928326606750488]]",4.71073579788208,0.09642812609672546,2.726936101913452,2.726936101913452
Separate,1,38,500,50,0.0,"[[1.413315773010254, 2.754371166229248, 3.824671745300293, 3.1602888107299805, 3.244658946990967, 2.806954860687256]]",3.649423122406006,0.05516495928168297,2.726936101913452,2.726936101913452
Separate,1,39,500,50,0.0,"[[2.4578359127044678, 1.3461476564407349, 2.578336715698242, 4.347951412200928, 1.1452888250350952, 3.309877634048462]]",1.6837612390518188,0.03246010094881058,2.726936101913452,2.726936101913452
Separate,1,40,500,50,0.0,"[[2.964744806289673, 2.764899969100952, 1.720400333404541, 3.2603955268859863, 2.262195587158203, 3.4014158248901367]]",1.5265512466430664,0.03996121138334274,2.726936101913452,2.726936101913452
Separate,1,41,500,50,0.0,"[[1.1708800792694092, 4.914081573486328, 1.3107587099075317, 5.453855991363525, 3.197869300842285, 5.328084468841553]]",2.8645095825195312,0.052239298820495605,2.726936101913452,2.726936101913452
Separate,1,42,500,50,0.0,"[[2.7586545944213867, 2.344919443130493, 1.85658860206604, 2.7624855041503906, 1.6441401243209839, 0.763066291809082]]",2.7017688751220703,0.03347250074148178,2.726936101913452,2.726936101913452
Separate,1,43,500,50,0.0,"[[4.979854106903076, 3.1978344917297363, 0.47691333293914795, 2.521153688430786, 2.0346434116363525, 3.6302099227905273]]",3.625908613204956,0.019526392221450806,2.726936101913452,2.726936101913452
Separate,1,44,500,50,0.0,"[[2.2212939262390137, 4.288152694702148, 5.716224193572998, 0.26010870933532715, 3.6561248302459717, 3.364593029022217]]",4.374366760253906,0.0411270409822464,2.726936101913452,2.726936101913452
Separate,1,45,500,50,0.0,"[[3.5646445751190186, 1.394235372543335, 0.5694842338562012, 2.140956163406372, 2.99655818939209, 3.763322353363037]]",3.0691428184509277,0.055194102227687836,2.726936101913452,2.726936101913452
Separate,1,46,500,50,0.0,"[[3.6953516006469727, 4.60105037689209, 0.5107367634773254, 2.700619697570801, 4.704194068908691, 0.4887140393257141]]",3.0153698921203613,0.018888525664806366,2.726936101913452,2.726936101913452
Separate,1,47,500,50,0.0,"[[3.0632259845733643, 3.8550827503204346, 3.329848051071167, 5.039398193359375, 4.971462726593018, 1.2287356853485107]]",3.0868301391601562,0.029420562088489532,2.726936101913452,2.726936101913452
Separate,1,48,500,50,0.0,"[[3.7467904090881348, 3.4093992710113525, 0.3809746205806732, 3.8534767627716064, 3.216489553451538, 3.278951406478882]]",3.6882569789886475,0.03463652357459068,2.726936101913452,2.726936101913452
Separate,1,49,500,50,0.0,"[[0.7306684255599976, 2.0655624866485596, 2.8386752605438232, 3.906414270401001, 3.5808393955230713, 3.7291457653045654]]",4.516608715057373,0.03177051618695259,2.726936101913452,2.726936101913452
Separate,1,50,500,50,0.0,"[[0.8813478350639343, 3.6158390045166016, 1.2403528690338135, 3.666537046432495, 1.988887906074524, 4.211732387542725]]",3.209423542022705,0.04025048390030861,2.726936101913452,2.726936101913452
Separate,2,0,500,50,0.0,,,,2.488093376159668,2.488093376159668
Separate,2,1,500,50,0.0,"[[2.9832353591918945, 1.7013297080993652, 2.804227590560913, 3.6465706825256348, 0.891342043876648, 3.5579278469085693]]",4.001843452453613,0.03772066533565521,2.488093376159668,2.488093376159668
Separate,2,2,500,50,0.0,"[[2.756699800491333, 2.478797435760498, 2.939391851425171, 1.9855612516403198, 0.626798689365387, 1.351750373840332]]",3.4546990394592285,0.04665013775229454,2.488093376159668,2.488093376159668
Separate,2,3,500,50,0.0,"[[1.855926275253296, 3.735464572906494, 0.43764716386795044, 2.745832681655884, 4.135234832763672, 4.408292770385742]]",2.0567831993103027,0.023667993023991585,2.488093376159668,2.488093376159668
Separate,2,4,500,50,0.0,"[[2.478618860244751, 4.2043938636779785, 1.0560100078582764, 3.436960220336914, 4.21889066696167, 1.1773713827133179]]",3.824617862701416,0.03582976385951042,2.488093376159668,2.488093376159668
Separate,2,5,500,50,0.0,"[[1.70402193069458, 4.2105937004089355, 0.48701587319374084, 1.2196801900863647, 4.044705390930176, 2.746417760848999]]",4.304859638214111,0.03652910143136978,2.488093376159668,2.488093376159668
Separate,2,6,500,50,0.0,"[[3.359067678451538, 3.434485912322998, 3.632021903991699, 1.9672324657440186, 2.468651056289673, 3.2656068801879883]]",2.347538709640503,0.05667530745267868,2.488093376159668,2.488093376159668
Separate,2,7,500,50,0.0,"[[4.757765293121338, 2.7236053943634033, 0.4703264832496643, 2.101857900619507, 3.0509085655212402, 1.6848183870315552]]",3.3361620903015137,0.020915113389492035,2.488093376159668,2.488093376159668
Separate,2,8,500,50,0.0,"[[3.1160621643066406, 4.081005096435547, 4.150469779968262, 5.121524333953857, 1.783751368522644, 1.7607090473175049]]",2.903806447982788,0.09257983416318893,2.488093376159668,2.488093376159668
Separate,2,9,500,50,0.0,"[[2.89111065864563, 2.553332805633545, 2.603898286819458, 3.730241060256958, 2.1821844577789307, 1.3775211572647095]]",1.8493186235427856,0.022917889058589935,2.488093376159668,2.488093376159668
Separate,2,10,500,50,0.0,"[[2.580151081085205, 0.9047091007232666, 3.3276190757751465, 3.385791063308716, 2.744352340698242, 2.2223269939422607]]",2.6495509147644043,0.040720075368881226,2.488093376159668,2.488093376159668
Separate,2,11,500,50,0.0,"[[1.9666818380355835, 3.2616028785705566, 0.6923954486846924, 1.5437147617340088, 3.1153652667999268, 4.43678617477417]]",4.177819728851318,0.038835007697343826,2.488093376159668,2.488093376159668
Separate,2,12,500,50,0.0,"[[2.1351161003112793, 0.902655303478241, 3.0219972133636475, 1.0265369415283203, 2.2237279415130615, 2.0009162425994873]]",4.6410298347473145,0.030950481072068214,2.488093376159668,2.488093376159668
Separate,2,13,500,50,0.0,"[[4.547840118408203, 3.840391159057617, 0.6956011652946472, 2.838724374771118, 1.1623339653015137, 5.169087886810303]]",4.967771053314209,0.033434826880693436,2.488093376159668,2.488093376159668
Separate,2,14,500,50,0.0,"[[5.3208770751953125, 3.169233798980713, 3.75614857673645, 4.6346635818481445, 1.0934256315231323, 0.3504585325717926]]",4.42359733581543,0.016560301184654236,2.488093376159668,2.488093376159668
Separate,2,15,500,50,0.0,"[[1.9464575052261353, 3.0609006881713867, 0.4074302613735199, 4.690323352813721, 3.113806962966919, 2.96956467628479]]",3.9193830490112305,0.06996148824691772,2.488093376159668,2.488093376159668
Separate,2,16,500,50,0.0,"[[3.039456844329834, 4.781920909881592, 1.7133476734161377, 2.8681671619415283, 2.5709195137023926, 2.8829448223114014]]",3.4438369274139404,0.08483558148145676,2.488093376159668,2.488093376159668
Separate,2,17,500,50,0.0,"[[0.5667934417724609, 5.385186672210693, 2.1836628913879395, 3.4700968265533447, 4.804437160491943, 4.0864996910095215]]",3.4328866004943848,0.015109813772141933,2.488093376159668,2.488093376159668
Separate,2,18,500,50,0.0,"[[0.6816758513450623, 4.312934875488281, 2.871612548828125, 2.175480604171753, 4.5661773681640625, 4.394294738769531]]",3.5677642822265625,0.026158388704061508,2.488093376159668,2.488093376159668
Separate,2,19,500,50,0.0,"[[1.0642504692077637, 2.2632076740264893, 0.5113260746002197, 4.9906325340271, 2.2226521968841553, 1.8046067953109741]]",2.5559916496276855,0.019802697002887726,2.488093376159668,2.488093376159668
Separate,2,20,500,50,0.0,"[[0.7786726951599121, 5.013640880584717, 2.0930495262145996, 4.534175395965576, 3.483750104904175, 2.8725340366363525]]",2.8296194076538086,0.017522932961583138,2.488093376159668,2.488093376159668
Separate,2,21,500,50,0.0,"[[1.3694380521774292, 0.9179277420043945, 2.5158445835113525, 3.3139054775238037, 2.2430317401885986, 2.5374720096588135]]",2.534339427947998,0.03201049193739891,2.488093376159668,2.488093376159668
Separate,2,22,500,50,0.0,"[[3.6310901641845703, 4.188282489776611, 0.5008155703544617, 4.847489356994629, 2.272785186767578, 2.6957738399505615]]",5.591658592224121,0.035852182656526566,2.488093376159668,2.488093376159668
Separate,2,23,500,50,0.0,"[[3.8808417320251465, 3.8583481311798096, 3.260669231414795, 1.1556755304336548, 3.8436131477355957, 1.6473031044006348]]",3.9778592586517334,0.03907182067632675,2.488093376159668,2.488093376159668
Separate,2,24,500,50,0.0,"[[3.5970258712768555, 4.622951030731201, 3.9303383827209473, 0.6430233716964722, 1.0193099975585938, 3.713315963745117]]",5.592578887939453,0.03288708254694939,2.488093376159668,2.488093376159668
Separate,2,25,500,50,0.0,"[[3.614621162414551, 3.521921157836914, 0.24580563604831696, 3.3400092124938965, 3.469428777694702, 1.3622303009033203]]",3.661806106567383,0.016955463215708733,2.488093376159668,2.488093376159668
Separate,2,26,500,50,0.0,"[[3.815445899963379, 2.29801869392395, 1.0626999139785767, 3.7699766159057617, 2.2502026557922363, 2.134983777999878]]",1.8965890407562256,0.022489793598651886,2.488093376159668,2.488093376159668
Separate,2,27,500,50,0.0,"[[0.5526360273361206, 1.7770390510559082, 0.8625961542129517, 3.727621555328369, 1.9058998823165894, 1.4131770133972168]]",4.662224769592285,0.03701368719339371,2.488093376159668,2.488093376159668
Separate,2,28,500,50,0.0,"[[5.170998573303223, 2.3195078372955322, 1.4704945087432861, 0.8411300778388977, 3.2579758167266846, 0.7897233963012695]]",4.089466094970703,0.02994958870112896,2.488093376159668,2.488093376159668
Separate,2,29,500,50,0.0,"[[5.757710933685303, 0.8017257452011108, 3.2265305519104004, 3.7481842041015625, 0.5107964277267456, 2.647669553756714]]",2.736974000930786,0.016322027891874313,2.488093376159668,2.488093376159668
Separate,2,30,500,50,0.0,"[[2.4246184825897217, 2.426530361175537, 1.5954904556274414, 3.2704224586486816, 1.1584041118621826, 0.31780561804771423]]",2.660661458969116,0.014029167592525482,2.488093376159668,2.488093376159668
Separate,2,31,500,50,0.0,"[[0.8985244035720825, 4.597834587097168, 3.822237730026245, 6.438002109527588, 2.2790818214416504, 5.207796096801758]]",2.8134448528289795,0.026135196909308434,2.488093376159668,2.488093376159668
Separate,2,32,500,50,0.0,"[[2.046487808227539, 2.2715187072753906, 1.3087419271469116, 1.8326036930084229, 3.4771695137023926, 0.4088655114173889]]",4.044724464416504,0.014726771973073483,2.488093376159668,2.488093376159668
Separate,2,33,500,50,0.0,"[[2.9282517433166504, 4.383926868438721, 0.7321128845214844, 2.567963123321533, 2.5486860275268555, 3.4048056602478027]]",2.773474931716919,0.04859835281968117,2.488093376159668,2.488093376159668
Separate,2,34,500,50,0.0,"[[3.6469404697418213, 2.7007205486297607, 0.5855632424354553, 2.428954601287842, 1.5915871858596802, 3.538947105407715]]",2.7148420810699463,0.03921447694301605,2.488093376159668,2.488093376159668
Separate,2,35,500,50,0.0,"[[2.6463260650634766, 1.0586225986480713, 1.626335620880127, 1.2025954723358154, 0.6146302819252014, 4.436518669128418]]",3.769590377807617,0.013157888315618038,2.488093376159668,2.488093376159668
Separate,2,36,500,50,0.0,"[[5.056107521057129, 3.0610711574554443, 1.4570209980010986, 5.086602210998535, 3.192568063735962, 1.2022360563278198]]",3.714109182357788,0.02995794080197811,2.488093376159668,2.488093376159668
Separate,2,37,500,50,0.0,"[[2.4297237396240234, 0.4710202217102051, 2.462146043777466, 1.252683162689209, 4.504364013671875, 2.251701593399048]]",4.215191841125488,0.024565134197473526,2.488093376159668,2.488093376159668
Separate,2,38,500,50,0.0,"[[0.31648194789886475, 5.015714645385742, 1.994568109512329, 2.6934900283813477, 0.9553794860839844, 3.4638354778289795]]",2.3455429077148438,0.009323115460574627,2.488093376159668,2.488093376159668
Separate,2,39,500,50,0.0,"[[1.637869119644165, 1.0307040214538574, 3.7244515419006348, 3.5280027389526367, 2.1613962650299072, 3.894547939300537]]",3.3180694580078125,0.03507609665393829,2.488093376159668,2.488093376159668
Separate,2,40,500,50,0.0,"[[5.147612571716309, 0.5959603190422058, 4.1689372062683105, 3.8808467388153076, 2.80435848236084, 3.7927865982055664]]",4.781976222991943,0.03270041570067406,2.488093376159668,2.488093376159668
Separate,2,41,500,50,0.0,"[[3.242356777191162, 2.9654603004455566, 2.6549999713897705, 2.62284517288208, 6.116053581237793, 2.3977468013763428]]",3.5713443756103516,0.15103645622730255,2.488093376159668,2.488093376159668
Separate,2,42,500,50,0.0,"[[3.1161534786224365, 1.3505206108093262, 0.7804895639419556, 2.855738401412964, 0.9993146657943726, 1.896313190460205]]",4.554360389709473,0.038360413163900375,2.488093376159668,2.488093376159668
Separate,2,43,500,50,0.0,"[[3.299731969833374, 3.0431888103485107, 0.4216870069503784, 3.112118721008301, 2.0047309398651123, 2.9813215732574463]]",4.6223859786987305,0.04597223550081253,2.488093376159668,2.488093376159668
Separate,2,44,500,50,0.0,"[[2.212773323059082, 0.6134824752807617, 2.3264966011047363, 1.10779869556427, 0.6971994042396545, 2.8322501182556152]]",2.2718093395233154,0.03160994127392769,2.488093376159668,2.488093376159668
Separate,2,45,500,50,0.0,"[[3.338021993637085, 2.2527737617492676, 2.7417337894439697, 2.310870885848999, 2.272491455078125, 3.5934975147247314]]",2.426614284515381,0.05624203756451607,2.488093376159668,2.488093376159668
Separate,2,46,500,50,0.0,"[[5.15449857711792, 1.0533998012542725, 2.02079439163208, 0.7821577191352844, 1.4624990224838257, 1.283877968788147]]",1.859006404876709,0.028026467189192772,2.488093376159668,2.488093376159668
Separate,2,47,500,50,0.0,"[[3.1273648738861084, 3.5821876525878906, 1.029860019683838, 0.4076009690761566, 2.664217472076416, 3.1863343715667725]]",2.78541898727417,0.021321091800928116,2.488093376159668,2.488093376159668
Separate,2,48,500,50,0.0,"[[0.7930241823196411, 2.291138172149658, 0.5572689175605774, 3.3035194873809814, 1.2621502876281738, 3.250983953475952]]",3.2390494346618652,0.017922021448612213,2.488093376159668,2.488093376159668
Separate,2,49,500,50,0.0,"[[1.02701997756958, 2.8539421558380127, 1.2970342636108398, 1.2688108682632446, 2.3475043773651123, 2.6140522956848145]]",2.8500399589538574,0.04336634278297424,2.488093376159668,2.488093376159668
Separate,2,50,500,50,0.0,"[[0.8237593770027161, 1.901360034942627, 0.9666657447814941, 2.2010488510131836, 0.8541820049285889, 2.711310386657715]]",2.821070909500122,0.019742196425795555,2.488093376159668,2.488093376159668
Separate,3,0,500,50,0.0,,,,2.8534440994262695,2.8534440994262695
Separate,3,1,500,50,0.0,"[[0.9169254899024963, 0.3081497550010681, 2.354832410812378, 1.922686219215393, 3.8049542903900146, 2.6855628490448]]",1.4252965450286865,0.0080571249127388,2.8534440994262695,2.8534440994262695
Separate,3,2,500,50,0.0,"[[2.431704521179199, 0.3310222327709198, 0.9919012784957886, 1.8870526552200317, 2.622833728790283, 2.573899745941162]]",2.659273386001587,0.011846520937979221,2.8534440994262695,2.8534440994262695
Separate,3,3,500,50,0.0,"[[2.5022971630096436, 2.5883939266204834, 1.6447525024414062, 3.9451537132263184, 2.2979319095611572, 1.1314105987548828]]",2.867785692214966,0.041496578603982925,2.8534440994262695,2.8534440994262695
Separate,3,4,500,50,0.0,"[[3.624351978302002, 2.0922176837921143, 0.4214499592781067, 3.9730348587036133, 1.2138780355453491, 2.485208511352539]]",3.044466018676758,0.023798735812306404,2.8534440994262695,2.8534440994262695
Separate,3,5,500,50,0.0,"[[3.1937332153320312, 2.6141774654388428, 1.6890461444854736, 1.0344324111938477, 2.345595598220825, 2.848375082015991]]",3.0653915405273438,0.03249497339129448,2.8534440994262695,2.8534440994262695
Separate,3,6,500,50,0.0,"[[1.6244745254516602, 1.1671192646026611, 2.2633955478668213, 2.6522364616394043, 1.0206668376922607, 2.6832263469696045]]",1.5343258380889893,0.016266554594039917,2.8534440994262695,2.8534440994262695
Separate,3,7,500,50,0.0,"[[2.434767007827759, 4.779599666595459, 2.726787567138672, 4.168720245361328, 1.4642530679702759, 3.8571157455444336]]",3.477428674697876,0.03819332271814346,2.8534440994262695,2.8534440994262695
Separate,3,8,500,50,0.0,"[[4.320134162902832, 3.7583909034729004, 0.7065778970718384, 2.687992572784424, 1.2708791494369507, 3.9016432762145996]]",3.547116994857788,0.041313689202070236,2.8534440994262695,2.8534440994262695
Separate,3,9,500,50,0.0,"[[2.4300618171691895, 3.2232887744903564, 3.0313644409179688, 1.796703577041626, 1.1301403045654297, 2.237809181213379]]",3.8125181198120117,0.029701363295316696,2.8534440994262695,2.8534440994262695
Separate,3,10,500,50,0.0,"[[2.6005942821502686, 3.7239298820495605, 0.7625579237937927, 2.598792552947998, 2.6955063343048096, 1.5439200401306152]]",4.314420700073242,0.04035649076104164,2.8534440994262695,2.8534440994262695
Separate,3,11,500,50,0.0,"[[1.2736190557479858, 1.6935303211212158, 0.465939998626709, 1.2013845443725586, 5.059483051300049, 3.285834789276123]]",5.631315231323242,0.023171966895461082,2.8534440994262695,2.8534440994262695
Separate,3,12,500,50,0.0,"[[3.830289602279663, 2.8082878589630127, 1.4955517053604126, 4.0971856117248535, 4.017425537109375, 2.6800386905670166]]",1.6097184419631958,0.04487691819667816,2.8534440994262695,2.8534440994262695
Separate,3,13,500,50,0.0,"[[2.1651740074157715, 3.6588382720947266, 3.2938075065612793, 3.2632644176483154, 2.139035224914551, 4.151312828063965]]",3.2926907539367676,0.10028158128261566,2.8534440994262695,2.8534440994262695
Separate,3,14,500,50,0.0,"[[1.9619884490966797, 2.2922441959381104, 0.4659128189086914, 4.697081565856934, 1.2439805269241333, 3.9817702770233154]]",2.1923837661743164,0.028644122183322906,2.8534440994262695,2.8534440994262695
Separate,3,15,500,50,0.0,"[[2.0150091648101807, 2.6148929595947266, 4.16717004776001, 3.110901117324829, 0.2445785105228424, 4.31605339050293]]",3.430997133255005,0.013157681562006474,2.8534440994262695,2.8534440994262695
Separate,3,16,500,50,0.0,"[[3.0998029708862305, 4.410810947418213, 2.754915714263916, 2.909579277038574, 0.31849291920661926, 3.2601943016052246]]",3.6819217205047607,0.0314008891582489,2.8534440994262695,2.8534440994262695
Separate,3,17,500,50,0.0,"[[3.3930561542510986, 1.1449328660964966, 0.6350212097167969, 2.4846155643463135, 2.576345682144165, 3.2056736946105957]]",4.442516803741455,0.03267783671617508,2.8534440994262695,2.8534440994262695
Separate,3,18,500,50,0.0,"[[2.2246737480163574, 1.328243613243103, 0.7006542682647705, 3.318903923034668, 3.5918636322021484, 1.2015653848648071]]",1.9872591495513916,0.019810697063803673,2.8534440994262695,2.8534440994262695
Separate,3,19,500,50,0.0,"[[0.8359270691871643, 0.8056788444519043, 3.0125226974487305, 1.9377875328063965, 3.1865036487579346, 2.7443912029266357]]",1.9408602714538574,0.025772662833333015,2.8534440994262695,2.8534440994262695
Separate,3,20,500,50,0.0,"[[2.259110689163208, 0.41352230310440063, 0.5194575786590576, 2.0269322395324707, 2.083198070526123, 3.039666175842285]]",3.349971055984497,0.025544576346874237,2.8534440994262695,2.8534440994262695
Separate,3,21,500,50,0.0,"[[1.1510047912597656, 2.910153865814209, 3.7807388305664062, 2.677460193634033, 4.373072624206543, 5.662770748138428]]",3.6554276943206787,0.01609026826918125,2.8534440994262695,2.8534440994262695
Separate,3,22,500,50,0.0,"[[3.211139678955078, 3.443085193634033, 1.303870439529419, 1.9377702474594116, 3.6208226680755615, 2.9791643619537354]]",3.1685357093811035,0.039976805448532104,2.8534440994262695,2.8534440994262695
Separate,3,23,500,50,0.0,"[[3.727342128753662, 4.075802803039551, 4.7976908683776855, 5.62418270111084, 0.25013917684555054, 3.1807737350463867]]",3.649229049682617,0.01928938739001751,2.8534440994262695,2.8534440994262695
Separate,3,24,500,50,0.0,"[[1.9688907861709595, 0.9909124970436096, 1.3462167978286743, 2.2149250507354736, 0.5563769340515137, 2.158665657043457]]",5.077270984649658,0.01715271547436714,2.8534440994262695,2.8534440994262695
Separate,3,25,500,50,0.0,"[[2.581190824508667, 0.823747992515564, 2.7608425617218018, 2.327035427093506, 2.580292224884033, 1.6678545475006104]]",3.052210807800293,0.047085776925086975,2.8534440994262695,2.8534440994262695
Separate,3,26,500,50,0.0,"[[3.552180767059326, 3.13533091545105, 3.397791624069214, 4.404369831085205, 0.9725725650787354, 3.622246742248535]]",4.378291130065918,0.04123193770647049,2.8534440994262695,2.8534440994262695
Separate,3,27,500,50,0.0,"[[2.8373863697052, 3.264345407485962, 4.0012359619140625, 5.743198871612549, 2.4379966259002686, 2.272298574447632]]",3.6055469512939453,0.06496387720108032,2.8534440994262695,2.8534440994262695
Separate,3,28,500,50,0.0,"[[4.203542709350586, 2.032294750213623, 0.6703316569328308, 4.285926818847656, 3.1698079109191895, 5.048259735107422]]",5.335878849029541,0.04703209176659584,2.8534440994262695,2.8534440994262695
Separate,3,29,500,50,0.0,"[[1.1837941408157349, 1.7086881399154663, 1.3912216424942017, 3.0480663776397705, 2.6518354415893555, 1.5988248586654663]]",3.0006723403930664,0.04083999618887901,2.8534440994262695,2.8534440994262695
Separate,3,30,500,50,0.0,"[[3.5316405296325684, 2.139521360397339, 0.9616777896881104, 3.200423002243042, 2.216344118118286, 0.6336075663566589]]",4.365880012512207,0.03891843557357788,2.8534440994262695,2.8534440994262695
Separate,3,31,500,50,0.0,"[[3.3329572677612305, 1.6879571676254272, 0.8994390964508057, 3.166581869125366, 2.7591888904571533, 3.202242374420166]]",1.4538695812225342,0.01418557669967413,2.8534440994262695,2.8534440994262695
Separate,3,32,500,50,0.0,"[[3.0732083320617676, 2.882840156555176, 2.065246105194092, 3.242051601409912, 3.411071538925171, 1.9687368869781494]]",2.0826327800750732,0.06101248040795326,2.8534440994262695,2.8534440994262695
Separate,3,33,500,50,0.0,"[[2.4724831581115723, 4.611335277557373, 3.1082539558410645, 3.028656244277954, 2.4145846366882324, 1.2047967910766602]]",3.8266408443450928,0.0678597241640091,2.8534440994262695,2.8534440994262695
Separate,3,34,500,50,0.0,"[[0.1979503184556961, 4.538272857666016, 3.380889892578125, 3.6124467849731445, 1.87982976436615, 3.111624002456665]]",5.066723823547363,0.013663752935826778,2.8534440994262695,2.8534440994262695
Separate,3,35,500,50,0.0,"[[4.643375873565674, 0.5990845561027527, 2.079359292984009, 2.1585757732391357, 4.2234721183776855, 3.651165008544922]]",2.6734766960144043,0.03937859833240509,2.8534440994262695,2.8534440994262695
Separate,3,36,500,50,0.0,"[[3.178194284439087, 2.8969037532806396, 0.22443243861198425, 3.9417145252227783, 2.0778939723968506, 3.549631118774414]]",5.04425048828125,0.0538603700697422,2.8534440994262695,2.8534440994262695
Separate,3,37,500,50,0.0,"[[3.336080551147461, 2.021228075027466, 0.6780939698219299, 2.8871560096740723, 0.5807918906211853, 1.2979451417922974]]",1.6713993549346924,0.01868082955479622,2.8534440994262695,2.8534440994262695
Separate,3,38,500,50,0.0,"[[2.3385558128356934, 1.7948942184448242, 0.9047181606292725, 1.440896987915039, 0.6256351470947266, 2.984786033630371]]",3.148124933242798,0.03156376630067825,2.8534440994262695,2.8534440994262695
Separate,3,39,500,50,0.0,"[[6.190483570098877, 2.489802360534668, 1.5332962274551392, 0.43838465213775635, 2.269087553024292, 2.2672221660614014]]",3.784702777862549,0.021885816007852554,2.8534440994262695,2.8534440994262695
Separate,3,40,500,50,0.0,"[[2.896916627883911, 3.8199000358581543, 3.9051239490509033, 1.8861286640167236, 1.4476277828216553, 2.5811102390289307]]",2.239403486251831,0.019281167536973953,2.8534440994262695,2.8534440994262695
Separate,3,41,500,50,0.0,"[[2.314760684967041, 3.703359603881836, 5.124439239501953, 2.220102310180664, 1.9810428619384766, 3.428605794906616]]",2.7097599506378174,0.03885548189282417,2.8534440994262695,2.8534440994262695
Separate,3,42,500,50,0.0,"[[2.736117362976074, 0.8225353360176086, 2.689234495162964, 3.267461061477661, 0.9377163648605347, 3.324833631515503]]",3.5398499965667725,0.05602670833468437,2.8534440994262695,2.8534440994262695
Separate,3,43,500,50,0.0,"[[2.3981759548187256, 2.9713680744171143, 0.6079597473144531, 3.096958875656128, 2.318272829055786, 2.968315839767456]]",1.4325138330459595,0.02306663617491722,2.8534440994262695,2.8534440994262695
Separate,3,44,500,50,0.0,"[[4.293474197387695, 5.137870788574219, 0.751687228679657, 5.4720916748046875, 3.348099708557129, 4.427571773529053]]",3.4065287113189697,0.02802879922091961,2.8534440994262695,2.8534440994262695
Separate,3,45,500,50,0.0,"[[1.5179920196533203, 4.421380996704102, 1.1866092681884766, 3.7513821125030518, 3.997796058654785, 3.338301658630371]]",2.6688425540924072,0.07222667336463928,2.8534440994262695,2.8534440994262695
Separate,3,46,500,50,0.0,"[[3.9548606872558594, 0.483399361371994, 2.3587889671325684, 1.7929373979568481, 3.64957857131958, 3.575446605682373]]",5.744941234588623,0.023894350975751877,2.8534440994262695,2.8534440994262695
Separate,3,47,500,50,0.0,"[[3.725867509841919, 2.3170461654663086, 5.022716999053955, 5.131328582763672, 3.261963367462158, 0.4460310637950897]]",4.04802942276001,0.04615126922726631,2.8534440994262695,2.8534440994262695
Separate,3,48,500,50,0.0,"[[2.90897536277771, 1.8565971851348877, 2.342527151107788, 2.859225273132324, 1.5608487129211426, 3.4411377906799316]]",2.585902214050293,0.11287041008472443,2.8534440994262695,2.8534440994262695
Separate,3,49,500,50,0.0,"[[3.664482593536377, 0.7414610981941223, 1.3030420541763306, 2.805002212524414, 1.3789700269699097, 1.5689760446548462]]",2.1314375400543213,0.023837557062506676,2.8534440994262695,2.8534440994262695
Separate,3,50,500,50,0.0,"[[2.5770113468170166, 4.870589256286621, 1.137974739074707, 6.615584850311279, 2.5129337310791016, 4.585730075836182]]",4.643803596496582,0.08699855953454971,2.8534440994262695,2.8534440994262695
Separate,4,0,500,50,0.0,,,,2.543541669845581,2.543541669845581
Separate,4,1,500,50,0.0,"[[3.9606521129608154, 3.3185393810272217, 2.230295181274414, 3.971144914627075, 0.9995273351669312, 3.0836474895477295]]",3.768113136291504,0.03981034830212593,2.543541669845581,2.543541669845581
Separate,4,2,500,50,0.0,"[[4.203258991241455, 2.2694454193115234, 3.6543772220611572, 6.095588684082031, 2.972815752029419, 4.577695369720459]]",2.9441516399383545,0.04758213832974434,2.543541669845581,2.543541669845581
Separate,4,3,500,50,0.0,"[[1.049791693687439, 4.954724311828613, 3.4358479976654053, 2.210233211517334, 3.149111270904541, 3.6997509002685547]]",3.643284320831299,0.12119928002357483,2.543541669845581,2.543541669845581
Separate,4,4,500,50,0.0,"[[4.495262145996094, 0.3624221384525299, 2.764242649078369, 3.3672447204589844, 1.8458888530731201, 2.629143476486206]]",3.4961588382720947,0.03450121358036995,2.543541669845581,2.543541669845581
Separate,4,5,500,50,0.0,"[[2.3567686080932617, 1.4752609729766846, 0.649046003818512, 2.5843634605407715, 3.6173665523529053, 3.3393070697784424]]",3.527756929397583,0.03740110993385315,2.543541669845581,2.543541669845581
Separate,4,6,500,50,0.0,"[[0.6763761043548584, 4.333085060119629, 2.4353253841400146, 5.859081268310547, 5.300047397613525, 4.208325386047363]]",3.54982328414917,0.030945703387260437,2.543541669845581,2.543541669845581
Separate,4,7,500,50,0.0,"[[4.721505641937256, 2.812647581100464, 3.478250026702881, 0.9817409515380859, 0.7205565571784973, 3.4777302742004395]]",3.0766708850860596,0.019672881811857224,2.543541669845581,2.543541669845581
Separate,4,8,500,50,0.0,"[[1.0417652130126953, 5.759862899780273, 4.419707775115967, 2.921257495880127, 4.409207344055176, 5.236274242401123]]",2.658905029296875,0.05477092042565346,2.543541669845581,2.543541669845581
Separate,4,9,500,50,0.0,"[[2.207127571105957, 1.4998399019241333, 2.6370320320129395, 1.7148237228393555, 4.553314208984375, 3.3710010051727295]]",2.6913907527923584,0.035561345517635345,2.543541669845581,2.543541669845581
Separate,4,10,500,50,0.0,"[[3.189969778060913, 1.9144229888916016, 1.2603895664215088, 0.37268152832984924, 1.5621517896652222, 4.404271602630615]]",2.8796613216400146,0.011029178276658058,2.543541669845581,2.543541669845581
Separate,4,11,500,50,0.0,"[[0.9885305166244507, 2.2298576831817627, 2.2560482025146484, 3.1239757537841797, 1.1376515626907349, 2.2345967292785645]]",1.8868924379348755,0.01779312454164028,2.543541669845581,2.543541669845581
Separate,4,12,500,50,0.0,"[[3.5790443420410156, 4.229642868041992, 0.9019907116889954, 1.5902740955352783, 3.643386125564575, 4.20725154876709]]",3.6063156127929688,0.052993789315223694,2.543541669845581,2.543541669845581
Separate,4,13,500,50,0.0,"[[2.5829882621765137, 4.006103515625, 1.0158284902572632, 3.320553779602051, 2.9063425064086914, 4.893579006195068]]",2.387080430984497,0.040342848747968674,2.543541669845581,2.543541669845581
Separate,4,14,500,50,0.0,"[[3.5765621662139893, 2.5973293781280518, 1.7062656879425049, 3.353224277496338, 4.511447429656982, 4.342607021331787]]",1.2240631580352783,0.03547381982207298,2.543541669845581,2.543541669845581
Separate,4,15,500,50,0.0,"[[0.4911554455757141, 3.2544240951538086, 1.536887288093567, 4.414546966552734, 2.030601978302002, 2.51481294631958]]",3.0526957511901855,0.0433967188000679,2.543541669845581,2.543541669845581
Separate,4,16,500,50,0.0,"[[2.5807931423187256, 2.652404308319092, 0.5793763399124146, 2.265171527862549, 0.7722175121307373, 3.0435028076171875]]",3.530987024307251,0.01842009648680687,2.543541669845581,2.543541669845581
Separate,4,17,500,50,0.0,"[[0.4598968029022217, 2.6453044414520264, 4.9438395500183105, 0.8741953372955322, 3.0974278450012207, 3.6128993034362793]]",4.202746868133545,0.023394741117954254,2.543541669845581,2.543541669845581
Separate,4,18,500,50,0.0,"[[3.0355873107910156, 1.0020208358764648, 3.0908203125, 3.717717170715332, 4.402173042297363, 4.360757350921631]]",2.9225025177001953,0.04659935086965561,2.5662174224853516,2.5662174224853516
Separate,4,19,500,50,0.0,"[[3.8769774436950684, 2.717548131942749, 1.524888038635254, 5.495910167694092, 0.3541903495788574, 4.289880275726318]]",3.07841157913208,0.02153506688773632,2.5662174224853516,2.5662174224853516
Separate,4,20,500,50,0.0,"[[2.4080638885498047, 4.828627109527588, 0.917557954788208, 5.079713344573975, 2.3491945266723633, 1.6876846551895142]]",3.939149856567383,0.05330781266093254,2.5662174224853516,2.5662174224853516
Separate,4,21,500,50,0.0,"[[2.5307633876800537, 0.5012223720550537, 1.979248046875, 0.5091807842254639, 2.209357976913452, 4.270823001861572]]",5.546676158905029,0.028092483058571815,2.5662174224853516,2.5662174224853516
Separate,4,22,500,50,0.0,"[[2.5782830715179443, 2.7571136951446533, 0.3646213710308075, 1.4891639947891235, 3.3463172912597656, 3.7500851154327393]]",3.4978134632110596,0.03460695967078209,2.5662174224853516,2.5662174224853516
Separate,4,23,500,50,0.0,"[[1.5080500841140747, 1.8830519914627075, 2.590510606765747, 1.8528224229812622, 3.699615240097046, 2.947300910949707]]",2.4543752670288086,0.057382479310035706,2.5662174224853516,2.5662174224853516
Separate,4,24,500,50,0.0,"[[3.156775951385498, 1.136878252029419, 4.395094871520996, 2.022505760192871, 1.9102106094360352, 2.1940321922302246]]",1.1557788848876953,0.031477876007556915,2.5662174224853516,2.5662174224853516
Separate,4,25,500,50,0.0,"[[3.617473840713501, 4.5276689529418945, 1.5330712795257568, 2.215698003768921, 0.6417382955551147, 4.866440296173096]]",2.1266462802886963,0.027854962274432182,2.5662174224853516,2.5662174224853516
Separate,4,26,500,50,0.0,"[[2.1992430686950684, 2.5423834323883057, 1.579647421836853, 4.711880207061768, 0.2272597998380661, 2.4969587326049805]]",4.6707916259765625,0.015666969120502472,2.5662174224853516,2.5662174224853516
Separate,4,27,500,50,0.0,"[[5.01076602935791, 4.362854957580566, 0.5642452239990234, 4.835862159729004, 3.1356914043426514, 1.5687766075134277]]",3.4593801498413086,0.01855689100921154,2.5662174224853516,2.5662174224853516
Separate,4,28,500,50,0.0,"[[1.3273134231567383, 1.4413561820983887, 0.47638219594955444, 2.2905476093292236, 1.576990008354187, 2.9926249980926514]]",3.4917800426483154,0.031055429950356483,2.5662174224853516,2.5662174224853516
Separate,4,29,500,50,0.0,"[[3.2514657974243164, 0.460954487323761, 2.6051244735717773, 3.8863413333892822, 3.475644111633301, 3.138838052749634]]",3.7828946113586426,0.02900976501405239,2.5662174224853516,2.5662174224853516
Separate,4,30,500,50,0.0,"[[1.1465260982513428, 2.7947652339935303, 1.009906530380249, 3.5143821239471436, 3.5283896923065186, 2.229147434234619]]",4.0876030921936035,0.030533557757735252,2.5662174224853516,2.5662174224853516
Separate,4,31,500,50,0.0,"[[3.5219173431396484, 2.1429555416107178, 3.487084150314331, 0.990108847618103, 3.787994623184204, 1.9294072389602661]]",2.3520188331604004,0.03896259889006615,2.5662174224853516,2.5662174224853516
Separate,4,32,500,50,0.0,"[[2.4507412910461426, 3.9695658683776855, 3.609001636505127, 0.983487069606781, 2.934572458267212, 5.023085117340088]]",3.790731191635132,0.047831084579229355,2.5662174224853516,2.5662174224853516
Separate,4,33,500,50,0.0,"[[1.209799885749817, 1.5717923641204834, 1.8406668901443481, 3.1996023654937744, 2.645681142807007, 3.7005057334899902]]",4.980312824249268,0.051417119801044464,2.5662174224853516,2.5662174224853516
Separate,4,34,500,50,0.0,"[[2.6468968391418457, 1.9865522384643555, 0.3045887053012848, 3.6920149326324463, 1.500490665435791, 4.357425212860107]]",3.423572063446045,0.028079435229301453,2.5662174224853516,2.5662174224853516
Separate,4,35,500,50,0.0,"[[4.308652400970459, 3.8759450912475586, 1.654141902923584, 4.382030487060547, 5.426756858825684, 3.6212174892425537]]",2.157444715499878,0.04528478905558586,2.5662174224853516,2.5662174224853516
Separate,4,36,500,50,0.0,"[[4.194647312164307, 1.8615883588790894, 2.1255176067352295, 3.3460047245025635, 2.2137134075164795, 4.5097784996032715]]",0.6564633250236511,0.01673189550638199,2.5662174224853516,2.5662174224853516
Separate,4,37,500,50,0.0,"[[3.3024163246154785, 3.67728853225708, 0.5991971492767334, 1.0420949459075928, 2.8517496585845947, 4.720425605773926]]",2.313539981842041,0.019831189885735512,2.5662174224853516,2.5662174224853516
Separate,4,38,500,50,0.0,"[[2.8577091693878174, 2.391237258911133, 0.7340806722640991, 2.0301947593688965, 1.9600129127502441, 3.150277614593506]]",2.74100661277771,0.03013714589178562,2.5662174224853516,2.5662174224853516
Separate,4,39,500,50,0.0,"[[2.6426920890808105, 4.297321319580078, 2.2693817615509033, 2.3901798725128174, 3.9650025367736816, 1.0615551471710205]]",3.3709006309509277,0.028470469638705254,2.5662174224853516,2.5662174224853516
Separate,4,40,500,50,0.0,"[[2.8640830516815186, 3.579526424407959, 1.0381193161010742, 3.311584234237671, 1.0881750583648682, 4.79227876663208]]",3.887063980102539,0.026540016755461693,2.5662174224853516,2.5662174224853516
Separate,4,41,500,50,0.0,"[[1.186537265777588, 1.4194499254226685, 1.7290406227111816, 3.444058895111084, 0.46430790424346924, 2.9512391090393066]]",2.242138385772705,0.04008587449789047,2.5662174224853516,2.5662174224853516
Separate,4,42,500,50,0.0,"[[0.32361647486686707, 1.729781150817871, 1.7995433807373047, 3.074416160583496, 0.81855309009552, 2.334181547164917]]",4.534221649169922,0.03253984823822975,2.5662174224853516,2.5662174224853516
Separate,4,43,500,50,0.0,"[[4.3717265129089355, 2.4690403938293457, 2.639281988143921, 4.042786121368408, 4.0051093101501465, 0.8509891033172607]]",2.072611093521118,0.03634361922740936,2.5662174224853516,2.5662174224853516
Separate,4,44,500,50,0.0,"[[5.067151069641113, 6.074470043182373, 3.8800272941589355, 3.2945475578308105, 0.8367729187011719, 3.229748010635376]]",2.621769666671753,0.03169770911335945,2.5662174224853516,2.5662174224853516
Separate,4,45,500,50,0.0,"[[2.0031321048736572, 3.488934278488159, 1.7192635536193848, 4.280302047729492, 0.8398157358169556, 1.4649498462677002]]",2.586068630218506,0.02718088962137699,2.5662174224853516,2.5662174224853516
Separate,4,46,500,50,0.0,"[[3.4958560466766357, 3.1429049968719482, 4.20669412612915, 2.3089022636413574, 2.5923171043395996, 2.9109175205230713]]",1.6905786991119385,0.04836764186620712,2.5662174224853516,2.5662174224853516
Separate,4,47,500,50,0.0,"[[3.998835563659668, 4.782142162322998, 2.610158920288086, 3.0775818824768066, 3.1107473373413086, 2.653144598007202]]",4.041952133178711,0.061350125819444656,2.5662174224853516,2.5662174224853516
Separate,4,48,500,50,0.0,"[[3.6402127742767334, 1.3436270952224731, 0.7355829477310181, 2.6267693042755127, 4.064298152923584, 5.305469036102295]]",3.874016761779785,0.03785204514861107,2.5662174224853516,2.5662174224853516
Separate,4,49,500,50,0.0,"[[2.2445061206817627, 0.8134238719940186, 3.9786665439605713, 1.734419822692871, 0.3747473955154419, 3.6574172973632812]]",2.5540454387664795,0.014829324558377266,2.5662174224853516,2.5662174224853516
Separate,4,50,500,50,0.0,"[[2.7246742248535156, 1.2541390657424927, 3.26364803314209, 2.0092546939849854, 3.367778778076172, 1.7832341194152832]]",3.708326578140259,0.052279092371463776,2.5662174224853516,2.5662174224853516
Separate,5,0,500,50,0.0,,,,2.197866439819336,2.197866439819336
Separate,5,1,500,50,0.0,"[[3.8821959495544434, 4.015779972076416, 0.8538093566894531, 2.4093010425567627, 1.3886240720748901, 3.0293169021606445]]",1.9609997272491455,0.012579784728586674,2.197866439819336,2.197866439819336
Separate,5,2,500,50,0.0,"[[2.6829588413238525, 3.0333969593048096, 0.5674134492874146, 2.8707494735717773, 4.462619781494141, 1.7923110723495483]]",3.714470386505127,0.03131018206477165,2.197866439819336,2.197866439819336
Separate,5,3,500,50,0.0,"[[2.8657655715942383, 2.2932889461517334, 3.2254865169525146, 2.509735584259033, 2.3642818927764893, 4.648288726806641]]",2.563822031021118,0.031753119081258774,2.197866439819336,2.197866439819336
Separate,5,4,500,50,0.0,"[[2.456871509552002, 1.7047263383865356, 1.1558383703231812, 2.7056236267089844, 2.101576089859009, 4.081995487213135]]",2.669523239135742,0.038816649466753006,2.197866439819336,2.197866439819336
Separate,5,5,500,50,0.0,"[[3.2810401916503906, 2.7880544662475586, 0.6607428193092346, 3.8783717155456543, 0.8277531266212463, 1.8721401691436768]]",2.0942161083221436,0.016914889216423035,2.197866439819336,2.197866439819336
Separate,5,6,500,50,0.0,"[[4.152599334716797, 1.4210940599441528, 0.9223767518997192, 1.5007503032684326, 2.0201687812805176, 1.2988667488098145]]",2.7903740406036377,0.021761946380138397,2.197866439819336,2.197866439819336
Separate,5,7,500,50,0.0,"[[3.4892842769622803, 1.8364933729171753, 0.4576617479324341, 4.707659721374512, 3.092782735824585, 2.4051318168640137]]",5.071705341339111,0.04083293303847313,2.197866439819336,2.197866439819336
Separate,5,8,500,50,0.0,"[[4.11290979385376, 3.482959747314453, 1.1096668243408203, 4.137601852416992, 5.147946357727051, 2.6126885414123535]]",3.468505620956421,0.06503158062696457,2.197866439819336,2.197866439819336
Separate,5,9,500,50,0.0,"[[3.4429595470428467, 3.3765501976013184, 0.8696891069412231, 3.261131763458252, 4.436441421508789, 3.207951545715332]]",3.886641502380371,0.02865276299417019,2.197866439819336,2.197866439819336
Separate,5,10,500,50,0.0,"[[4.170674800872803, 0.376479834318161, 0.7259031534194946, 2.4081435203552246, 2.8412692546844482, 3.790720224380493]]",3.6812942028045654,0.01451501902192831,2.197866439819336,2.197866439819336
Separate,5,11,500,50,0.0,"[[3.138514757156372, 1.4284570217132568, 0.9249034523963928, 5.092350482940674, 1.6491789817810059, 3.4613823890686035]]",4.396316051483154,0.02825627662241459,2.197866439819336,2.197866439819336
Separate,5,12,500,50,0.0,"[[2.21205472946167, 1.7927725315093994, 1.0426692962646484, 0.5968484878540039, 2.9250540733337402, 1.3818045854568481]]",2.6222500801086426,0.02762686461210251,2.197866439819336,2.197866439819336
Separate,5,13,500,50,0.0,"[[3.052436590194702, 3.469297170639038, 0.4618803858757019, 1.8147053718566895, 0.3501758277416229, 4.190901756286621]]",1.5487984418869019,0.008461923338472843,2.197866439819336,2.197866439819336
Separate,5,14,500,50,0.0,"[[3.730313539505005, 3.0021047592163086, 1.4751951694488525, 4.6632981300354, 3.720175266265869, 4.586617469787598]]",4.2394256591796875,0.0517626628279686,2.197866439819336,2.197866439819336
Separate,5,15,500,50,0.0,"[[3.1780457496643066, 2.8914387226104736, 1.1998118162155151, 3.729018449783325, 3.6688287258148193, 0.31025058031082153]]",4.800227642059326,0.021254422143101692,2.197866439819336,2.197866439819336
Separate,5,16,500,50,0.0,"[[3.551665782928467, 3.410156726837158, 3.713165283203125, 2.0268661975860596, 3.733016014099121, 3.8812341690063477]]",3.324326515197754,0.031822141259908676,2.197866439819336,2.197866439819336
Separate,5,17,500,50,0.0,"[[3.679710865020752, 1.6409553289413452, 1.5790750980377197, 2.282028913497925, 0.473879337310791, 3.0322251319885254]]",4.152446269989014,0.03565783053636551,2.197866439819336,2.197866439819336
Separate,5,18,500,50,0.0,"[[3.615495443344116, 3.9514029026031494, 2.6377158164978027, 2.217942953109741, 0.8146319389343262, 3.1444454193115234]]",3.7164032459259033,0.05622543767094612,2.197866439819336,2.197866439819336
Separate,5,19,500,50,0.0,"[[2.830995559692383, 1.5013501644134521, 4.834431171417236, 2.138174295425415, 3.1919941902160645, 2.5413594245910645]]",3.136343479156494,0.05239827558398247,2.197866439819336,2.197866439819336
Separate,5,20,500,50,0.0,"[[2.2918059825897217, 3.9926352500915527, 2.1093547344207764, 5.012554168701172, 3.4404540061950684, 2.5225813388824463]]",1.4203433990478516,0.021593214944005013,2.197866439819336,2.197866439819336
Separate,5,21,500,50,0.0,"[[4.443845748901367, 0.5641083717346191, 2.5403380393981934, 2.7989070415496826, 4.9943037033081055, 3.1100542545318604]]",2.2554750442504883,0.011552824638783932,2.197866439819336,2.197866439819336
Separate,5,22,500,50,0.0,"[[4.36496114730835, 5.168600082397461, 3.8829495906829834, 2.250234842300415, 2.660910129547119, 2.465670108795166]]",4.446713447570801,0.06787614524364471,2.197866439819336,2.197866439819336
Separate,5,23,500,50,0.0,"[[2.9505722522735596, 2.02514910697937, 1.7332898378372192, 3.062689781188965, 4.256531715393066, 5.208373546600342]]",2.8240418434143066,0.029414819553494453,2.197866439819336,2.197866439819336
Separate,5,24,500,50,0.0,"[[2.5616800785064697, 1.3830386400222778, 1.9345134496688843, 1.8589624166488647, 3.6900713443756104, 4.894262790679932]]",1.718480110168457,0.026552608236670494,2.197866439819336,2.197866439819336
Separate,5,25,500,50,0.0,"[[1.6515158414840698, 3.247582197189331, 3.818446159362793, 0.8059622049331665, 3.829353094100952, 4.042509078979492]]",3.160550117492676,0.03123479150235653,2.197866439819336,2.197866439819336
Separate,5,26,500,50,0.0,"[[3.412982225418091, 2.3403139114379883, 1.076337218284607, 2.9756569862365723, 2.489182472229004, 2.7078466415405273]]",3.803762912750244,0.05586065724492073,2.197866439819336,2.197866439819336
Separate,5,27,500,50,0.0,"[[2.7757863998413086, 3.1344804763793945, 1.9775630235671997, 2.616318464279175, 2.582775354385376, 2.1897289752960205]]",2.7131452560424805,0.04664174094796181,2.197866439819336,2.197866439819336
Separate,5,28,500,50,0.0,"[[2.117992639541626, 1.2123692035675049, 3.549537420272827, 1.9089983701705933, 1.4256885051727295, 2.731935501098633]]",2.740003824234009,0.039560239762067795,2.197866439819336,2.197866439819336
Separate,5,29,500,50,0.0,"[[3.97015643119812, 2.807805061340332, 4.095618724822998, 3.2499594688415527, 3.230923652648926, 0.558296799659729]]",5.290244102478027,0.053035203367471695,2.197866439819336,2.197866439819336
Separate,5,30,500,50,0.0,"[[1.7779096364974976, 4.511485576629639, 3.352118968963623, 3.1195783615112305, 1.671494483947754, 4.157069683074951]]",2.2144620418548584,0.0337899774312973,2.197866439819336,2.197866439819336
Separate,5,31,500,50,0.0,"[[3.17988920211792, 2.9761528968811035, 1.4602069854736328, 2.6688714027404785, 1.7558350563049316, 5.809176445007324]]",1.9317972660064697,0.016395529732108116,2.197866439819336,2.197866439819336
Separate,5,32,500,50,0.0,"[[4.475432395935059, 0.6265913844108582, 2.4739882946014404, 2.7465972900390625, 4.847067356109619, 3.489995002746582]]",3.7362778186798096,0.02050972729921341,2.197866439819336,2.197866439819336
Separate,5,33,500,50,0.0,"[[2.202357530593872, 1.0352221727371216, 2.8754868507385254, 1.5556410551071167, 3.4054150581359863, 3.458535671234131]]",2.8630545139312744,0.022726725786924362,2.197866439819336,2.197866439819336
Separate,5,34,500,50,0.0,"[[0.9263309240341187, 4.123209476470947, 0.7677514553070068, 2.0527963638305664, 0.8013075590133667, 0.7281323671340942]]",3.6959877014160156,0.010135420598089695,2.197866439819336,2.197866439819336
Separate,5,35,500,50,0.0,"[[0.7804064154624939, 2.3310415744781494, 2.4187541007995605, 3.358787775039673, 3.278069257736206, 0.38061216473579407]]",4.657905578613281,0.013512609526515007,2.197866439819336,2.197866439819336
Separate,5,36,500,50,0.0,"[[2.245497941970825, 0.5324142575263977, 0.9638305306434631, 1.5403881072998047, 3.884213447570801, 1.8076865673065186]]",3.6360979080200195,0.01709652878344059,2.197866439819336,2.197866439819336
Separate,5,37,500,50,0.0,"[[2.201892375946045, 4.0798468589782715, 2.4811577796936035, 4.387170791625977, 4.648265361785889, 1.3512343168258667]]",5.431799411773682,0.026461120694875717,2.197866439819336,2.197866439819336
Separate,5,38,500,50,0.0,"[[1.1058367490768433, 2.911051034927368, 2.9036781787872314, 4.532004356384277, 4.8684515953063965, 3.5633392333984375]]",2.652303457260132,0.02615150809288025,2.197866439819336,2.197866439819336
Separate,5,39,500,50,0.0,"[[2.2688448429107666, 3.7282533645629883, 0.5125534534454346, 3.9610681533813477, 5.321796417236328, 2.8822576999664307]]",3.223172903060913,0.02197934128344059,2.197866439819336,2.197866439819336
Separate,5,40,500,50,0.0,"[[3.317551612854004, 1.8403780460357666, 2.900155782699585, 2.9058659076690674, 4.050110340118408, 0.9514331221580505]]",3.730783224105835,0.042969074100255966,2.197866439819336,2.197866439819336
Separate,5,41,500,50,0.0,"[[1.5085499286651611, 4.011276721954346, 2.489731550216675, 3.26061749458313, 4.460776329040527, 3.1614551544189453]]",2.554447650909424,0.03788790479302406,2.197866439819336,2.197866439819336
Separate,5,42,500,50,0.0,"[[2.363825798034668, 3.5790889263153076, 0.30950111150741577, 2.0131614208221436, 1.7568764686584473, 1.1136335134506226]]",5.2325849533081055,0.03560376167297363,2.197866439819336,2.197866439819336
Separate,5,43,500,50,0.0,"[[2.3453028202056885, 4.272154808044434, 1.6506636142730713, 1.9336718320846558, 1.7454227209091187, 4.672348976135254]]",1.6906092166900635,0.020421931520104408,2.197866439819336,2.197866439819336
Separate,5,44,500,50,0.0,"[[3.9108824729919434, 3.902188301086426, 1.1416044235229492, 0.3689418435096741, 1.77235746383667, 3.409072160720825]]",2.940439224243164,0.015031457878649235,2.197866439819336,2.197866439819336
Separate,5,45,500,50,0.0,"[[4.595392227172852, 3.4489314556121826, 3.6256377696990967, 3.0436036586761475, 2.133488416671753, 2.359090805053711]]",4.123894214630127,0.08921129256486893,2.197866439819336,2.197866439819336
Separate,5,46,500,50,0.0,"[[3.8436083793640137, 1.9010951519012451, 0.8640981912612915, 2.611159324645996, 1.688367486000061, 4.3323493003845215]]",1.6860395669937134,0.026695888489484787,2.197866439819336,2.197866439819336
Separate,5,47,500,50,0.0,"[[1.9803507328033447, 1.8469188213348389, 0.22873251140117645, 2.9192705154418945, 1.4734690189361572, 2.113403081893921]]",2.638901710510254,0.009922288358211517,2.197866439819336,2.197866439819336
Separate,5,48,500,50,0.0,"[[1.4317078590393066, 5.074044704437256, 4.047356128692627, 1.2626163959503174, 4.231764793395996, 5.370528697967529]]",4.44751501083374,0.027538176625967026,2.197866439819336,2.197866439819336
Separate,5,49,500,50,0.0,"[[2.7342946529388428, 2.118408441543579, 2.2567195892333984, 3.439673900604248, 2.91164493560791, 3.213888168334961]]",3.229033946990967,0.06195913255214691,2.197866439819336,2.197866439819336
Separate,5,50,500,50,0.0,"[[3.845945119857788, 4.1351704597473145, 4.364414215087891, 1.4059278964996338, 3.009697198867798, 4.071040153503418]]",5.342382907867432,0.055331241339445114,2.197866439819336,2.197866439819336
