Method,Simulation,Epoch,Actions,Noise,obsBest,trueBest
Separate,1,0,2,0.00999999977648258,1.794600486755371,1.8395237922668457
Separate,1,1,2,0.00999999977648258,1.794600486755371,1.8395237922668457
Separate,1,2,2,0.00999999977648258,1.794600486755371,1.8395237922668457
Separate,1,3,2,0.00999999977648258,1.794600486755371,1.8395237922668457
Separate,1,4,2,0.00999999977648258,1.794600486755371,1.8395237922668457
Separate,1,5,2,0.00999999977648258,1.794600486755371,1.8395237922668457
Separate,1,6,2,0.00999999977648258,1.794600486755371,1.8395237922668457
Separate,1,7,2,0.00999999977648258,1.794600486755371,1.8395237922668457
Separate,1,8,2,0.00999999977648258,1.794600486755371,1.8395237922668457
Separate,1,9,2,0.00999999977648258,1.794600486755371,1.8395237922668457
Separate,1,10,2,0.00999999977648258,1.794600486755371,1.8395237922668457
Separate,1,11,2,0.00999999977648258,1.794600486755371,1.8395237922668457
Separate,1,12,2,0.00999999977648258,1.794600486755371,1.8395237922668457
Separate,1,13,2,0.00999999977648258,1.794600486755371,1.8395237922668457
Separate,1,14,2,0.00999999977648258,1.794600486755371,1.8395237922668457
Separate,1,15,2,0.00999999977648258,1.794600486755371,1.8395237922668457
Separate,1,16,2,0.00999999977648258,1.794600486755371,1.8395237922668457
Separate,1,17,2,0.00999999977648258,1.794600486755371,1.8395237922668457
Separate,1,18,2,0.00999999977648258,1.794600486755371,1.8395237922668457
Separate,1,19,2,0.00999999977648258,1.794600486755371,1.8395237922668457
Separate,1,20,2,0.00999999977648258,1.794600486755371,1.8395237922668457
Separate,2,0,2,0.00999999977648258,2.2184689044952393,2.2157764434814453
Separate,2,1,2,0.00999999977648258,2.2184689044952393,2.2157764434814453
Separate,2,2,2,0.00999999977648258,2.2184689044952393,2.2157764434814453
Separate,2,3,2,0.00999999977648258,2.2184689044952393,2.2157764434814453
Separate,2,4,2,0.00999999977648258,2.2184689044952393,2.2157764434814453
Separate,2,5,2,0.00999999977648258,2.2184689044952393,2.2157764434814453
Separate,2,6,2,0.00999999977648258,2.2184689044952393,2.2157764434814453
Separate,2,7,2,0.00999999977648258,2.2184689044952393,2.2157764434814453
Separate,2,8,2,0.00999999977648258,2.2184689044952393,2.2157764434814453
Separate,2,9,2,0.00999999977648258,2.2184689044952393,2.2157764434814453
Separate,2,10,2,0.00999999977648258,2.2184689044952393,2.2157764434814453
Separate,2,11,2,0.00999999977648258,2.259737253189087,2.2157764434814453
Separate,2,12,2,0.00999999977648258,2.259737253189087,2.2157764434814453
Separate,2,13,2,0.00999999977648258,2.259737253189087,2.2157764434814453
Separate,2,14,2,0.00999999977648258,2.259737253189087,2.2157764434814453
Separate,2,15,2,0.00999999977648258,2.259737253189087,2.2157764434814453
Separate,2,16,2,0.00999999977648258,2.259737253189087,2.2157764434814453
Separate,2,17,2,0.00999999977648258,2.259737253189087,2.2157764434814453
Separate,2,18,2,0.00999999977648258,2.259737253189087,2.2157764434814453
Separate,2,19,2,0.00999999977648258,2.259737253189087,2.2157764434814453
Separate,2,20,2,0.00999999977648258,2.259737253189087,2.2157764434814453
Separate,3,0,2,0.00999999977648258,2.1355247497558594,2.1206908226013184
Separate,3,1,2,0.00999999977648258,2.1355247497558594,2.1206908226013184
Separate,3,2,2,0.00999999977648258,2.1355247497558594,2.1206908226013184
Separate,3,3,2,0.00999999977648258,2.1355247497558594,2.1206908226013184
Separate,3,4,2,0.00999999977648258,2.1355247497558594,2.1206908226013184
Separate,3,5,2,0.00999999977648258,2.1355247497558594,2.1206908226013184
Separate,3,6,2,0.00999999977648258,2.1355247497558594,2.1206908226013184
Separate,3,7,2,0.00999999977648258,2.1355247497558594,2.1206908226013184
Separate,3,8,2,0.00999999977648258,2.1355247497558594,2.1206908226013184
Separate,3,9,2,0.00999999977648258,2.1355247497558594,2.1206908226013184
Separate,3,10,2,0.00999999977648258,2.1355247497558594,2.1206908226013184
Separate,3,11,2,0.00999999977648258,2.1355247497558594,2.1206908226013184
Separate,3,12,2,0.00999999977648258,2.1355247497558594,2.1206908226013184
Separate,3,13,2,0.00999999977648258,2.1355247497558594,2.1206908226013184
Separate,3,14,2,0.00999999977648258,2.1355247497558594,2.1206908226013184
Separate,3,15,2,0.00999999977648258,2.1355247497558594,2.1206908226013184
Separate,3,16,2,0.00999999977648258,2.1355247497558594,2.1206908226013184
Separate,3,17,2,0.00999999977648258,2.1355247497558594,2.1206908226013184
Separate,3,18,2,0.00999999977648258,2.1355247497558594,2.1206908226013184
Separate,3,19,2,0.00999999977648258,2.1355247497558594,2.1206908226013184
Separate,3,20,2,0.00999999977648258,2.1355247497558594,2.1206908226013184
Separate,4,0,2,0.00999999977648258,1.7817343473434448,1.9575884342193604
Separate,4,1,2,0.00999999977648258,1.7817343473434448,1.9575884342193604
Separate,4,2,2,0.00999999977648258,1.7817343473434448,1.9575884342193604
Separate,4,3,2,0.00999999977648258,1.7817343473434448,1.9575884342193604
Separate,4,4,2,0.00999999977648258,1.7817343473434448,1.9575884342193604
Separate,4,5,2,0.00999999977648258,1.7817343473434448,1.9575884342193604
Separate,4,6,2,0.00999999977648258,1.7817343473434448,1.9575884342193604
Separate,4,7,2,0.00999999977648258,1.7817343473434448,1.9575884342193604
Separate,4,8,2,0.00999999977648258,1.7817343473434448,1.9575884342193604
Separate,4,9,2,0.00999999977648258,1.7817343473434448,1.9575884342193604
Separate,4,10,2,0.00999999977648258,1.7817343473434448,1.9575884342193604
Separate,4,11,2,0.00999999977648258,1.7817343473434448,1.9575884342193604
Separate,4,12,2,0.00999999977648258,1.7817343473434448,1.9575884342193604
Separate,4,13,2,0.00999999977648258,1.7817343473434448,1.9575884342193604
Separate,4,14,2,0.00999999977648258,1.7817343473434448,1.9575884342193604
Separate,4,15,2,0.00999999977648258,1.7817343473434448,1.9575884342193604
Separate,4,16,2,0.00999999977648258,1.7817343473434448,1.9575884342193604
Separate,4,17,2,0.00999999977648258,1.7817343473434448,1.9575884342193604
Separate,4,18,2,0.00999999977648258,1.7817343473434448,1.9575884342193604
Separate,4,19,2,0.00999999977648258,1.7817343473434448,1.9575884342193604
Separate,4,20,2,0.00999999977648258,1.7817343473434448,1.9575884342193604
Separate,5,0,2,0.00999999977648258,1.4901249408721924,1.3840763568878174
Separate,5,1,2,0.00999999977648258,1.4901249408721924,1.3840763568878174
Separate,5,2,2,0.00999999977648258,1.4901249408721924,1.3840763568878174
Separate,5,3,2,0.00999999977648258,1.4901249408721924,1.3840763568878174
Separate,5,4,2,0.00999999977648258,1.4901249408721924,1.3840763568878174
Separate,5,5,2,0.00999999977648258,1.4901249408721924,1.3840763568878174
Separate,5,6,2,0.00999999977648258,1.4901249408721924,1.3840763568878174
Separate,5,7,2,0.00999999977648258,1.4901249408721924,1.3840763568878174
Separate,5,8,2,0.00999999977648258,1.4901249408721924,1.3840763568878174
Separate,5,9,2,0.00999999977648258,1.4901249408721924,1.3840763568878174
Separate,5,10,2,0.00999999977648258,1.4901249408721924,1.3840763568878174
Separate,5,11,2,0.00999999977648258,1.4901249408721924,1.3840763568878174
Separate,5,12,2,0.00999999977648258,1.4901249408721924,1.3840763568878174
Separate,5,13,2,0.00999999977648258,1.4901249408721924,1.3840763568878174
Separate,5,14,2,0.00999999977648258,1.4901249408721924,1.3840763568878174
Separate,5,15,2,0.00999999977648258,1.4901249408721924,1.3840763568878174
Separate,5,16,2,0.00999999977648258,1.4901249408721924,1.3840763568878174
Separate,5,17,2,0.00999999977648258,1.4901249408721924,1.3840763568878174
Separate,5,18,2,0.00999999977648258,1.4901249408721924,1.3840763568878174
Separate,5,19,2,0.00999999977648258,1.4901249408721924,1.3840763568878174
Separate,5,20,2,0.00999999977648258,1.4901249408721924,1.3840763568878174
Separate,6,0,2,0.00999999977648258,1.0886974334716797,1.1179533004760742
Separate,6,1,2,0.00999999977648258,1.0886974334716797,1.1179533004760742
Separate,6,2,2,0.00999999977648258,1.0886974334716797,1.1179533004760742
Separate,6,3,2,0.00999999977648258,1.0886974334716797,1.1179533004760742
Separate,6,4,2,0.00999999977648258,1.0886974334716797,1.1179533004760742
Separate,6,5,2,0.00999999977648258,1.0886974334716797,1.1179533004760742
Separate,6,6,2,0.00999999977648258,1.0886974334716797,1.1179533004760742
Separate,6,7,2,0.00999999977648258,1.0886974334716797,1.1179533004760742
Separate,6,8,2,0.00999999977648258,1.0886974334716797,1.1179533004760742
Separate,6,9,2,0.00999999977648258,1.0886974334716797,1.1179533004760742
Separate,6,10,2,0.00999999977648258,1.0886974334716797,1.1179533004760742
Separate,6,11,2,0.00999999977648258,1.0886974334716797,1.1179533004760742
Separate,6,12,2,0.00999999977648258,1.4297622442245483,1.421550750732422
Separate,6,13,2,0.00999999977648258,1.4297622442245483,1.421550750732422
Separate,6,14,2,0.00999999977648258,1.4297622442245483,1.421550750732422
Separate,6,15,2,0.00999999977648258,1.4297622442245483,1.421550750732422
Separate,6,16,2,0.00999999977648258,1.4297622442245483,1.421550750732422
Separate,6,17,2,0.00999999977648258,1.4297622442245483,1.421550750732422
Separate,6,18,2,0.00999999977648258,1.4297622442245483,1.421550750732422
Separate,6,19,2,0.00999999977648258,1.4297622442245483,1.421550750732422
Separate,6,20,2,0.00999999977648258,1.4297622442245483,1.421550750732422
Separate,7,0,2,0.00999999977648258,2.534161329269409,2.4330360889434814
Separate,7,1,2,0.00999999977648258,2.534161329269409,2.4330360889434814
Separate,7,2,2,0.00999999977648258,2.534161329269409,2.4330360889434814
Separate,7,3,2,0.00999999977648258,2.534161329269409,2.4330360889434814
Separate,7,4,2,0.00999999977648258,2.534161329269409,2.4330360889434814
Separate,7,5,2,0.00999999977648258,2.534161329269409,2.4330360889434814
Separate,7,6,2,0.00999999977648258,2.534161329269409,2.4330360889434814
Separate,7,7,2,0.00999999977648258,2.534161329269409,2.4330360889434814
Separate,7,8,2,0.00999999977648258,2.534161329269409,2.4330360889434814
Separate,7,9,2,0.00999999977648258,2.534161329269409,2.4330360889434814
Separate,7,10,2,0.00999999977648258,2.534161329269409,2.4330360889434814
Separate,7,11,2,0.00999999977648258,2.534161329269409,2.4330360889434814
Separate,7,12,2,0.00999999977648258,2.534161329269409,2.4330360889434814
Separate,7,13,2,0.00999999977648258,2.534161329269409,2.4330360889434814
Separate,7,14,2,0.00999999977648258,2.534161329269409,2.4330360889434814
Separate,7,15,2,0.00999999977648258,2.534161329269409,2.4330360889434814
Separate,7,16,2,0.00999999977648258,2.534161329269409,2.4330360889434814
Separate,7,17,2,0.00999999977648258,2.534161329269409,2.4330360889434814
Separate,7,18,2,0.00999999977648258,2.534161329269409,2.4330360889434814
Separate,7,19,2,0.00999999977648258,2.534161329269409,2.4330360889434814
Separate,7,20,2,0.00999999977648258,2.534161329269409,2.4330360889434814
Separate,8,0,2,0.00999999977648258,2.118837594985962,2.1101903915405273
Separate,8,1,2,0.00999999977648258,2.118837594985962,2.1101903915405273
Separate,8,2,2,0.00999999977648258,2.118837594985962,2.1101903915405273
Separate,8,3,2,0.00999999977648258,2.118837594985962,2.1101903915405273
Separate,8,4,2,0.00999999977648258,2.118837594985962,2.1101903915405273
Separate,8,5,2,0.00999999977648258,2.118837594985962,2.1101903915405273
Separate,8,6,2,0.00999999977648258,2.118837594985962,2.1101903915405273
Separate,8,7,2,0.00999999977648258,2.118837594985962,2.1101903915405273
Separate,8,8,2,0.00999999977648258,2.118837594985962,2.1101903915405273
Separate,8,9,2,0.00999999977648258,2.118837594985962,2.1101903915405273
Separate,8,10,2,0.00999999977648258,2.118837594985962,2.1101903915405273
Separate,8,11,2,0.00999999977648258,2.118837594985962,2.1101903915405273
Separate,8,12,2,0.00999999977648258,2.118837594985962,2.1101903915405273
Separate,8,13,2,0.00999999977648258,2.118837594985962,2.1101903915405273
Separate,8,14,2,0.00999999977648258,2.118837594985962,2.1101903915405273
Separate,8,15,2,0.00999999977648258,2.118837594985962,2.1101903915405273
Separate,8,16,2,0.00999999977648258,2.118837594985962,2.1101903915405273
Separate,8,17,2,0.00999999977648258,2.118837594985962,2.1101903915405273
Separate,8,18,2,0.00999999977648258,2.118837594985962,2.1101903915405273
Separate,8,19,2,0.00999999977648258,2.118837594985962,2.1101903915405273
Separate,8,20,2,0.00999999977648258,2.118837594985962,2.1101903915405273
Separate,9,0,2,0.00999999977648258,2.5909831523895264,2.5379638671875
Separate,9,1,2,0.00999999977648258,2.5909831523895264,2.5379638671875
Separate,9,2,2,0.00999999977648258,2.5909831523895264,2.5379638671875
Separate,9,3,2,0.00999999977648258,2.5909831523895264,2.5379638671875
Separate,9,4,2,0.00999999977648258,2.5909831523895264,2.5379638671875
Separate,9,5,2,0.00999999977648258,2.5909831523895264,2.5379638671875
Separate,9,6,2,0.00999999977648258,2.5909831523895264,2.5379638671875
Separate,9,7,2,0.00999999977648258,2.5909831523895264,2.5379638671875
Separate,9,8,2,0.00999999977648258,2.5909831523895264,2.5379638671875
Separate,9,9,2,0.00999999977648258,2.5909831523895264,2.5379638671875
Separate,9,10,2,0.00999999977648258,2.5909831523895264,2.5379638671875
Separate,9,11,2,0.00999999977648258,2.5909831523895264,2.5379638671875
Separate,9,12,2,0.00999999977648258,2.5909831523895264,2.5379638671875
Separate,9,13,2,0.00999999977648258,2.5909831523895264,2.5379638671875
Separate,9,14,2,0.00999999977648258,2.5909831523895264,2.5379638671875
Separate,9,15,2,0.00999999977648258,2.5909831523895264,2.5379638671875
Separate,9,16,2,0.00999999977648258,2.5909831523895264,2.5379638671875
Separate,9,17,2,0.00999999977648258,2.5909831523895264,2.5379638671875
Separate,9,18,2,0.00999999977648258,2.5909831523895264,2.5379638671875
Separate,9,19,2,0.00999999977648258,2.5909831523895264,2.5379638671875
Separate,9,20,2,0.00999999977648258,2.5909831523895264,2.5379638671875
Separate,10,0,2,0.00999999977648258,1.7738118171691897,1.8185161352157593
Separate,10,1,2,0.00999999977648258,1.7738118171691897,1.8185161352157593
Separate,10,2,2,0.00999999977648258,1.7738118171691897,1.8185161352157593
Separate,10,3,2,0.00999999977648258,1.7738118171691897,1.8185161352157593
Separate,10,4,2,0.00999999977648258,1.7738118171691897,1.8185161352157593
Separate,10,5,2,0.00999999977648258,1.7738118171691897,1.8185161352157593
Separate,10,6,2,0.00999999977648258,1.7738118171691897,1.8185161352157593
Separate,10,7,2,0.00999999977648258,1.7738118171691897,1.8185161352157593
Separate,10,8,2,0.00999999977648258,1.7738118171691897,1.8185161352157593
Separate,10,9,2,0.00999999977648258,1.7738118171691897,1.8185161352157593
Separate,10,10,2,0.00999999977648258,1.7738118171691897,1.8185161352157593
Separate,10,11,2,0.00999999977648258,1.7738118171691897,1.8185161352157593
Separate,10,12,2,0.00999999977648258,1.7738118171691897,1.8185161352157593
Separate,10,13,2,0.00999999977648258,1.7738118171691897,1.8185161352157593
Separate,10,14,2,0.00999999977648258,1.7738118171691897,1.8185161352157593
Separate,10,15,2,0.00999999977648258,1.7738118171691897,1.8185161352157593
Separate,10,16,2,0.00999999977648258,1.7738118171691897,1.8185161352157593
Separate,10,17,2,0.00999999977648258,1.7738118171691897,1.8185161352157593
Separate,10,18,2,0.00999999977648258,1.7738118171691897,1.8185161352157593
Separate,10,19,2,0.00999999977648258,1.7738118171691897,1.8185161352157593
Separate,10,20,2,0.00999999977648258,1.7738118171691897,1.8185161352157593
Separate,11,0,2,0.00999999977648258,2.2873694896698,2.355509996414185
Separate,11,1,2,0.00999999977648258,2.2873694896698,2.355509996414185
Separate,11,2,2,0.00999999977648258,2.2873694896698,2.355509996414185
Separate,11,3,2,0.00999999977648258,2.2873694896698,2.355509996414185
Separate,11,4,2,0.00999999977648258,2.2873694896698,2.355509996414185
Separate,11,5,2,0.00999999977648258,2.2873694896698,2.355509996414185
Separate,11,6,2,0.00999999977648258,2.2873694896698,2.355509996414185
Separate,11,7,2,0.00999999977648258,2.2873694896698,2.355509996414185
Separate,11,8,2,0.00999999977648258,2.2873694896698,2.355509996414185
Separate,11,9,2,0.00999999977648258,2.2873694896698,2.355509996414185
Separate,11,10,2,0.00999999977648258,2.2873694896698,2.355509996414185
Separate,11,11,2,0.00999999977648258,2.2873694896698,2.355509996414185
Separate,11,12,2,0.00999999977648258,2.2873694896698,2.355509996414185
Separate,11,13,2,0.00999999977648258,2.2873694896698,2.355509996414185
Separate,11,14,2,0.00999999977648258,2.2873694896698,2.355509996414185
Separate,11,15,2,0.00999999977648258,2.2873694896698,2.355509996414185
Separate,11,16,2,0.00999999977648258,2.2873694896698,2.355509996414185
Separate,11,17,2,0.00999999977648258,2.2873694896698,2.355509996414185
Separate,11,18,2,0.00999999977648258,2.2873694896698,2.355509996414185
Separate,11,19,2,0.00999999977648258,2.2873694896698,2.355509996414185
Separate,11,20,2,0.00999999977648258,2.2873694896698,2.355509996414185
Separate,12,0,2,0.00999999977648258,2.145857334136963,2.020966053009033
Separate,12,1,2,0.00999999977648258,2.145857334136963,2.020966053009033
Separate,12,2,2,0.00999999977648258,2.145857334136963,2.020966053009033
Separate,12,3,2,0.00999999977648258,2.145857334136963,2.020966053009033
Separate,12,4,2,0.00999999977648258,2.145857334136963,2.020966053009033
Separate,12,5,2,0.00999999977648258,2.145857334136963,2.020966053009033
Separate,12,6,2,0.00999999977648258,2.145857334136963,2.020966053009033
Separate,12,7,2,0.00999999977648258,2.145857334136963,2.020966053009033
Separate,12,8,2,0.00999999977648258,2.145857334136963,2.020966053009033
Separate,12,9,2,0.00999999977648258,2.145857334136963,2.020966053009033
Separate,12,10,2,0.00999999977648258,2.145857334136963,2.020966053009033
Separate,12,11,2,0.00999999977648258,2.145857334136963,2.020966053009033
Separate,12,12,2,0.00999999977648258,2.145857334136963,2.020966053009033
Separate,12,13,2,0.00999999977648258,2.145857334136963,2.020966053009033
Separate,12,14,2,0.00999999977648258,2.145857334136963,2.020966053009033
Separate,12,15,2,0.00999999977648258,2.145857334136963,2.020966053009033
Separate,12,16,2,0.00999999977648258,2.145857334136963,2.020966053009033
Separate,12,17,2,0.00999999977648258,2.145857334136963,2.020966053009033
Separate,12,18,2,0.00999999977648258,2.145857334136963,2.020966053009033
Separate,12,19,2,0.00999999977648258,2.145857334136963,2.020966053009033
Separate,12,20,2,0.00999999977648258,2.145857334136963,2.020966053009033
Separate,13,0,2,0.00999999977648258,2.8151743412017822,2.7373039722442627
Separate,13,1,2,0.00999999977648258,2.8151743412017822,2.7373039722442627
Separate,13,2,2,0.00999999977648258,2.8151743412017822,2.7373039722442627
Separate,13,3,2,0.00999999977648258,2.8151743412017822,2.7373039722442627
Separate,13,4,2,0.00999999977648258,2.8151743412017822,2.7373039722442627
Separate,13,5,2,0.00999999977648258,2.8151743412017822,2.7373039722442627
Separate,13,6,2,0.00999999977648258,2.8151743412017822,2.7373039722442627
Separate,13,7,2,0.00999999977648258,2.8151743412017822,2.7373039722442627
Separate,13,8,2,0.00999999977648258,2.8151743412017822,2.7373039722442627
Separate,13,9,2,0.00999999977648258,2.8151743412017822,2.7373039722442627
Separate,13,10,2,0.00999999977648258,2.8151743412017822,2.7373039722442627
Separate,13,11,2,0.00999999977648258,2.8151743412017822,2.7373039722442627
Separate,13,12,2,0.00999999977648258,2.8151743412017822,2.7373039722442627
Separate,13,13,2,0.00999999977648258,2.8151743412017822,2.7373039722442627
Separate,13,14,2,0.00999999977648258,2.8151743412017822,2.7373039722442627
Separate,13,15,2,0.00999999977648258,2.8151743412017822,2.7373039722442627
Separate,13,16,2,0.00999999977648258,2.8151743412017822,2.7373039722442627
Separate,13,17,2,0.00999999977648258,2.8151743412017822,2.7373039722442627
Separate,13,18,2,0.00999999977648258,2.8151743412017822,2.7373039722442627
Separate,13,19,2,0.00999999977648258,2.8151743412017822,2.7373039722442627
Separate,13,20,2,0.00999999977648258,2.8151743412017822,2.7373039722442627
Separate,14,0,2,0.00999999977648258,1.996558666229248,1.868712902069092
Separate,14,1,2,0.00999999977648258,1.996558666229248,1.868712902069092
Separate,14,2,2,0.00999999977648258,1.996558666229248,1.868712902069092
Separate,14,3,2,0.00999999977648258,1.996558666229248,1.868712902069092
Separate,14,4,2,0.00999999977648258,1.996558666229248,1.868712902069092
Separate,14,5,2,0.00999999977648258,1.996558666229248,1.868712902069092
Separate,14,6,2,0.00999999977648258,1.996558666229248,1.868712902069092
Separate,14,7,2,0.00999999977648258,1.996558666229248,1.868712902069092
Separate,14,8,2,0.00999999977648258,1.996558666229248,1.868712902069092
Separate,14,9,2,0.00999999977648258,1.996558666229248,1.868712902069092
Separate,14,10,2,0.00999999977648258,1.996558666229248,1.868712902069092
Separate,14,11,2,0.00999999977648258,1.996558666229248,1.868712902069092
Separate,14,12,2,0.00999999977648258,1.996558666229248,1.868712902069092
Separate,14,13,2,0.00999999977648258,1.996558666229248,1.868712902069092
Separate,14,14,2,0.00999999977648258,1.996558666229248,1.868712902069092
Separate,14,15,2,0.00999999977648258,1.996558666229248,1.868712902069092
Separate,14,16,2,0.00999999977648258,1.996558666229248,1.868712902069092
Separate,14,17,2,0.00999999977648258,1.996558666229248,1.868712902069092
Separate,14,18,2,0.00999999977648258,1.996558666229248,1.868712902069092
Separate,14,19,2,0.00999999977648258,1.996558666229248,1.868712902069092
Separate,14,20,2,0.00999999977648258,1.996558666229248,1.868712902069092
Separate,15,0,2,0.00999999977648258,1.2024366855621338,1.3524596691131592
Separate,15,1,2,0.00999999977648258,1.3421995639801023,1.3926604986190796
Separate,15,2,2,0.00999999977648258,1.3421995639801023,1.3926604986190796
Separate,15,3,2,0.00999999977648258,1.3421995639801023,1.3926604986190796
Separate,15,4,2,0.00999999977648258,1.3421995639801023,1.3926604986190796
Separate,15,5,2,0.00999999977648258,1.3421995639801023,1.3926604986190796
Separate,15,6,2,0.00999999977648258,1.3421995639801023,1.3926604986190796
Separate,15,7,2,0.00999999977648258,1.3421995639801023,1.3926604986190796
Separate,15,8,2,0.00999999977648258,1.3421995639801023,1.3926604986190796
Separate,15,9,2,0.00999999977648258,1.3421995639801023,1.3926604986190796
Separate,15,10,2,0.00999999977648258,1.3421995639801023,1.3926604986190796
Separate,15,11,2,0.00999999977648258,1.3421995639801023,1.3926604986190796
Separate,15,12,2,0.00999999977648258,1.3421995639801023,1.3926604986190796
Separate,15,13,2,0.00999999977648258,1.3421995639801023,1.3926604986190796
Separate,15,14,2,0.00999999977648258,1.3421995639801023,1.3926604986190796
Separate,15,15,2,0.00999999977648258,1.3421995639801023,1.3926604986190796
Separate,15,16,2,0.00999999977648258,1.3421995639801023,1.3926604986190796
Separate,15,17,2,0.00999999977648258,1.3421995639801023,1.3926604986190796
Separate,15,18,2,0.00999999977648258,1.3421995639801023,1.3926604986190796
Separate,15,19,2,0.00999999977648258,1.3421995639801023,1.3926604986190796
Separate,15,20,2,0.00999999977648258,1.3421995639801023,1.3926604986190796
Separate,16,0,2,0.00999999977648258,2.0130863189697266,2.0759994983673096
Separate,16,1,2,0.00999999977648258,2.0130863189697266,2.0759994983673096
Separate,16,2,2,0.00999999977648258,2.0130863189697266,2.0759994983673096
Separate,16,3,2,0.00999999977648258,2.0130863189697266,2.0759994983673096
Separate,16,4,2,0.00999999977648258,2.0130863189697266,2.0759994983673096
Separate,16,5,2,0.00999999977648258,2.0130863189697266,2.0759994983673096
Separate,16,6,2,0.00999999977648258,2.0130863189697266,2.0759994983673096
Separate,16,7,2,0.00999999977648258,2.0130863189697266,2.0759994983673096
Separate,16,8,2,0.00999999977648258,2.0130863189697266,2.0759994983673096
Separate,16,9,2,0.00999999977648258,2.0130863189697266,2.0759994983673096
Separate,16,10,2,0.00999999977648258,2.0130863189697266,2.0759994983673096
Separate,16,11,2,0.00999999977648258,2.0130863189697266,2.0759994983673096
Separate,16,12,2,0.00999999977648258,2.0130863189697266,2.0759994983673096
Separate,16,13,2,0.00999999977648258,2.0130863189697266,2.0759994983673096
Separate,16,14,2,0.00999999977648258,2.0130863189697266,2.0759994983673096
Separate,16,15,2,0.00999999977648258,2.0130863189697266,2.0759994983673096
Separate,16,16,2,0.00999999977648258,2.0130863189697266,2.0759994983673096
Separate,16,17,2,0.00999999977648258,2.0130863189697266,2.0759994983673096
Separate,16,18,2,0.00999999977648258,2.0130863189697266,2.0759994983673096
Separate,16,19,2,0.00999999977648258,2.0130863189697266,2.0759994983673096
Separate,16,20,2,0.00999999977648258,2.0130863189697266,2.0759994983673096
Separate,17,0,2,0.00999999977648258,2.5002517700195313,2.612457513809204
Separate,17,1,2,0.00999999977648258,2.5002517700195313,2.612457513809204
Separate,17,2,2,0.00999999977648258,2.5002517700195313,2.612457513809204
Separate,17,3,2,0.00999999977648258,2.5002517700195313,2.612457513809204
Separate,17,4,2,0.00999999977648258,2.5002517700195313,2.612457513809204
Separate,17,5,2,0.00999999977648258,2.5002517700195313,2.612457513809204
Separate,17,6,2,0.00999999977648258,2.5002517700195313,2.612457513809204
Separate,17,7,2,0.00999999977648258,2.5002517700195313,2.612457513809204
Separate,17,8,2,0.00999999977648258,2.5002517700195313,2.612457513809204
Separate,17,9,2,0.00999999977648258,2.5002517700195313,2.612457513809204
Separate,17,10,2,0.00999999977648258,2.5002517700195313,2.612457513809204
Separate,17,11,2,0.00999999977648258,2.5002517700195313,2.612457513809204
Separate,17,12,2,0.00999999977648258,2.5002517700195313,2.612457513809204
Separate,17,13,2,0.00999999977648258,2.5002517700195313,2.612457513809204
Separate,17,14,2,0.00999999977648258,2.5002517700195313,2.612457513809204
Separate,17,15,2,0.00999999977648258,2.5002517700195313,2.612457513809204
Separate,17,16,2,0.00999999977648258,2.5002517700195313,2.612457513809204
Separate,17,17,2,0.00999999977648258,2.5002517700195313,2.612457513809204
Separate,17,18,2,0.00999999977648258,2.5002517700195313,2.612457513809204
Separate,17,19,2,0.00999999977648258,2.5002517700195313,2.612457513809204
Separate,17,20,2,0.00999999977648258,2.5002517700195313,2.612457513809204
Separate,18,0,2,0.00999999977648258,2.480247974395752,2.3389949798583984
Separate,18,1,2,0.00999999977648258,2.480247974395752,2.3389949798583984
Separate,18,2,2,0.00999999977648258,2.480247974395752,2.3389949798583984
Separate,18,3,2,0.00999999977648258,2.480247974395752,2.3389949798583984
Separate,18,4,2,0.00999999977648258,2.480247974395752,2.3389949798583984
Separate,18,5,2,0.00999999977648258,2.480247974395752,2.3389949798583984
Separate,18,6,2,0.00999999977648258,2.480247974395752,2.3389949798583984
Separate,18,7,2,0.00999999977648258,2.480247974395752,2.3389949798583984
Separate,18,8,2,0.00999999977648258,2.480247974395752,2.3389949798583984
Separate,18,9,2,0.00999999977648258,2.480247974395752,2.3389949798583984
Separate,18,10,2,0.00999999977648258,2.480247974395752,2.3389949798583984
Separate,18,11,2,0.00999999977648258,2.480247974395752,2.3389949798583984
Separate,18,12,2,0.00999999977648258,2.480247974395752,2.3389949798583984
Separate,18,13,2,0.00999999977648258,2.480247974395752,2.3389949798583984
Separate,18,14,2,0.00999999977648258,2.480247974395752,2.3389949798583984
Separate,18,15,2,0.00999999977648258,2.480247974395752,2.3389949798583984
Separate,18,16,2,0.00999999977648258,2.480247974395752,2.3389949798583984
Separate,18,17,2,0.00999999977648258,2.480247974395752,2.3389949798583984
Separate,18,18,2,0.00999999977648258,2.480247974395752,2.3389949798583984
Separate,18,19,2,0.00999999977648258,2.480247974395752,2.3389949798583984
Separate,18,20,2,0.00999999977648258,2.480247974395752,2.3389949798583984
Separate,19,0,2,0.00999999977648258,2.457897186279297,2.371061086654663
Separate,19,1,2,0.00999999977648258,2.457897186279297,2.371061086654663
Separate,19,2,2,0.00999999977648258,2.457897186279297,2.371061086654663
Separate,19,3,2,0.00999999977648258,2.457897186279297,2.371061086654663
Separate,19,4,2,0.00999999977648258,2.457897186279297,2.371061086654663
Separate,19,5,2,0.00999999977648258,2.457897186279297,2.371061086654663
Separate,19,6,2,0.00999999977648258,2.457897186279297,2.371061086654663
Separate,19,7,2,0.00999999977648258,2.457897186279297,2.371061086654663
Separate,19,8,2,0.00999999977648258,2.457897186279297,2.371061086654663
Separate,19,9,2,0.00999999977648258,2.457897186279297,2.371061086654663
Separate,19,10,2,0.00999999977648258,2.457897186279297,2.371061086654663
Separate,19,11,2,0.00999999977648258,2.457897186279297,2.371061086654663
Separate,19,12,2,0.00999999977648258,2.457897186279297,2.371061086654663
Separate,19,13,2,0.00999999977648258,2.457897186279297,2.371061086654663
Separate,19,14,2,0.00999999977648258,2.457897186279297,2.371061086654663
Separate,19,15,2,0.00999999977648258,2.457897186279297,2.371061086654663
Separate,19,16,2,0.00999999977648258,2.457897186279297,2.371061086654663
Separate,19,17,2,0.00999999977648258,2.457897186279297,2.371061086654663
Separate,19,18,2,0.00999999977648258,2.457897186279297,2.371061086654663
Separate,19,19,2,0.00999999977648258,2.457897186279297,2.371061086654663
Separate,19,20,2,0.00999999977648258,2.457897186279297,2.371061086654663
Separate,20,0,2,0.00999999977648258,2.795513868331909,2.96396803855896
Separate,20,1,2,0.00999999977648258,2.795513868331909,2.96396803855896
Separate,20,2,2,0.00999999977648258,2.795513868331909,2.96396803855896
Separate,20,3,2,0.00999999977648258,2.795513868331909,2.96396803855896
Separate,20,4,2,0.00999999977648258,2.795513868331909,2.96396803855896
Separate,20,5,2,0.00999999977648258,2.795513868331909,2.96396803855896
Separate,20,6,2,0.00999999977648258,2.795513868331909,2.96396803855896
Separate,20,7,2,0.00999999977648258,2.795513868331909,2.96396803855896
Separate,20,8,2,0.00999999977648258,2.795513868331909,2.96396803855896
Separate,20,9,2,0.00999999977648258,2.795513868331909,2.96396803855896
Separate,20,10,2,0.00999999977648258,2.795513868331909,2.96396803855896
Separate,20,11,2,0.00999999977648258,2.795513868331909,2.96396803855896
Separate,20,12,2,0.00999999977648258,2.795513868331909,2.96396803855896
Separate,20,13,2,0.00999999977648258,2.795513868331909,2.96396803855896
Separate,20,14,2,0.00999999977648258,2.795513868331909,2.96396803855896
Separate,20,15,2,0.00999999977648258,2.795513868331909,2.96396803855896
Separate,20,16,2,0.00999999977648258,2.795513868331909,2.96396803855896
Separate,20,17,2,0.00999999977648258,2.795513868331909,2.96396803855896
Separate,20,18,2,0.00999999977648258,2.795513868331909,2.96396803855896
Separate,20,19,2,0.00999999977648258,2.795513868331909,2.96396803855896
Separate,20,20,2,0.00999999977648258,2.795513868331909,2.96396803855896
Separate,1,0,5,0.00999999977648258,2.4821419715881348,2.4146127700805664
Separate,1,1,5,0.00999999977648258,2.4821419715881348,2.4146127700805664
Separate,1,2,5,0.00999999977648258,2.4821419715881348,2.4146127700805664
Separate,1,3,5,0.00999999977648258,2.4821419715881348,2.4146127700805664
Separate,1,4,5,0.00999999977648258,2.4821419715881348,2.4146127700805664
Separate,1,5,5,0.00999999977648258,2.4821419715881348,2.4146127700805664
Separate,1,6,5,0.00999999977648258,2.4821419715881348,2.4146127700805664
Separate,1,7,5,0.00999999977648258,2.4821419715881348,2.4146127700805664
Separate,1,8,5,0.00999999977648258,2.4821419715881348,2.4146127700805664
Separate,1,9,5,0.00999999977648258,2.4821419715881348,2.4146127700805664
Separate,1,10,5,0.00999999977648258,2.4821419715881348,2.4146127700805664
Separate,1,11,5,0.00999999977648258,2.4821419715881348,2.4146127700805664
Separate,1,12,5,0.00999999977648258,2.4821419715881348,2.4146127700805664
Separate,1,13,5,0.00999999977648258,2.4821419715881348,2.4146127700805664
Separate,1,14,5,0.00999999977648258,2.4821419715881348,2.4146127700805664
Separate,1,15,5,0.00999999977648258,2.4821419715881348,2.4146127700805664
Separate,1,16,5,0.00999999977648258,2.4821419715881348,2.4146127700805664
Separate,1,17,5,0.00999999977648258,2.4821419715881348,2.4146127700805664
Separate,1,18,5,0.00999999977648258,2.4821419715881348,2.4146127700805664
Separate,1,19,5,0.00999999977648258,2.4821419715881348,2.4146127700805664
Separate,1,20,5,0.00999999977648258,2.4821419715881348,2.4146127700805664
Separate,2,0,5,0.00999999977648258,2.3735437393188477,2.3191263675689697
Separate,2,1,5,0.00999999977648258,2.3735437393188477,2.3191263675689697
Separate,2,2,5,0.00999999977648258,2.3735437393188477,2.3191263675689697
Separate,2,3,5,0.00999999977648258,2.3735437393188477,2.3191263675689697
Separate,2,4,5,0.00999999977648258,2.3735437393188477,2.3191263675689697
Separate,2,5,5,0.00999999977648258,2.3735437393188477,2.3191263675689697
Separate,2,6,5,0.00999999977648258,2.3735437393188477,2.3191263675689697
Separate,2,7,5,0.00999999977648258,2.3735437393188477,2.3191263675689697
Separate,2,8,5,0.00999999977648258,2.3735437393188477,2.3191263675689697
Separate,2,9,5,0.00999999977648258,2.3735437393188477,2.3191263675689697
Separate,2,10,5,0.00999999977648258,2.3735437393188477,2.3191263675689697
Separate,2,11,5,0.00999999977648258,2.3735437393188477,2.3191263675689697
Separate,2,12,5,0.00999999977648258,2.3735437393188477,2.3191263675689697
Separate,2,13,5,0.00999999977648258,2.3735437393188477,2.3191263675689697
Separate,2,14,5,0.00999999977648258,2.3735437393188477,2.3191263675689697
Separate,2,15,5,0.00999999977648258,2.3735437393188477,2.3191263675689697
Separate,2,16,5,0.00999999977648258,2.3735437393188477,2.3191263675689697
Separate,2,17,5,0.00999999977648258,2.3735437393188477,2.3191263675689697
Separate,2,18,5,0.00999999977648258,2.3735437393188477,2.3191263675689697
Separate,2,19,5,0.00999999977648258,2.3735437393188477,2.3191263675689697
Separate,2,20,5,0.00999999977648258,2.3735437393188477,2.3191263675689697
Separate,3,0,5,0.00999999977648258,2.6457953453063965,2.71401309967041
Separate,3,1,5,0.00999999977648258,2.6457953453063965,2.71401309967041
Separate,3,2,5,0.00999999977648258,2.6457953453063965,2.71401309967041
Separate,3,3,5,0.00999999977648258,2.6457953453063965,2.71401309967041
Separate,3,4,5,0.00999999977648258,2.6457953453063965,2.71401309967041
Separate,3,5,5,0.00999999977648258,2.6457953453063965,2.71401309967041
Separate,3,6,5,0.00999999977648258,2.6457953453063965,2.71401309967041
Separate,3,7,5,0.00999999977648258,2.6457953453063965,2.71401309967041
Separate,3,8,5,0.00999999977648258,2.6457953453063965,2.71401309967041
Separate,3,9,5,0.00999999977648258,2.6457953453063965,2.71401309967041
Separate,3,10,5,0.00999999977648258,2.6457953453063965,2.71401309967041
Separate,3,11,5,0.00999999977648258,2.6457953453063965,2.71401309967041
Separate,3,12,5,0.00999999977648258,2.6457953453063965,2.71401309967041
Separate,3,13,5,0.00999999977648258,2.6457953453063965,2.71401309967041
Separate,3,14,5,0.00999999977648258,2.6457953453063965,2.71401309967041
Separate,3,15,5,0.00999999977648258,2.6457953453063965,2.71401309967041
Separate,3,16,5,0.00999999977648258,2.6457953453063965,2.71401309967041
Separate,3,17,5,0.00999999977648258,2.6457953453063965,2.71401309967041
Separate,3,18,5,0.00999999977648258,2.6457953453063965,2.71401309967041
Separate,3,19,5,0.00999999977648258,2.6457953453063965,2.71401309967041
Separate,3,20,5,0.00999999977648258,2.6457953453063965,2.71401309967041
Separate,4,0,5,0.00999999977648258,1.4086674451828003,1.3960191011428833
Separate,4,1,5,0.00999999977648258,1.4086674451828003,1.3960191011428833
Separate,4,2,5,0.00999999977648258,1.4086674451828003,1.3960191011428833
Separate,4,3,5,0.00999999977648258,1.4086674451828003,1.3960191011428833
Separate,4,4,5,0.00999999977648258,1.4086674451828003,1.3960191011428833
Separate,4,5,5,0.00999999977648258,1.4086674451828003,1.3960191011428833
Separate,4,6,5,0.00999999977648258,1.4086674451828003,1.3960191011428833
Separate,4,7,5,0.00999999977648258,1.4086674451828003,1.3960191011428833
Separate,4,8,5,0.00999999977648258,1.4086674451828003,1.3960191011428833
Separate,4,9,5,0.00999999977648258,1.4086674451828003,1.3960191011428833
Separate,4,10,5,0.00999999977648258,1.4086674451828003,1.3960191011428833
Separate,4,11,5,0.00999999977648258,1.4086674451828003,1.3960191011428833
Separate,4,12,5,0.00999999977648258,1.4086674451828003,1.3960191011428833
Separate,4,13,5,0.00999999977648258,1.4086674451828003,1.3960191011428833
Separate,4,14,5,0.00999999977648258,1.4086674451828003,1.3960191011428833
Separate,4,15,5,0.00999999977648258,1.4086674451828003,1.3960191011428833
Separate,4,16,5,0.00999999977648258,1.4086674451828003,1.3960191011428833
Separate,4,17,5,0.00999999977648258,1.4086674451828003,1.3960191011428833
Separate,4,18,5,0.00999999977648258,1.4086674451828003,1.3960191011428833
Separate,4,19,5,0.00999999977648258,1.4086674451828003,1.3960191011428833
Separate,4,20,5,0.00999999977648258,1.4086674451828003,1.3960191011428833
Separate,5,0,5,0.00999999977648258,1.621497631072998,1.5142707824707031
Separate,5,1,5,0.00999999977648258,1.621497631072998,1.5142707824707031
Separate,5,2,5,0.00999999977648258,1.621497631072998,1.5142707824707031
Separate,5,3,5,0.00999999977648258,1.621497631072998,1.5142707824707031
Separate,5,4,5,0.00999999977648258,1.621497631072998,1.5142707824707031
Separate,5,5,5,0.00999999977648258,1.621497631072998,1.5142707824707031
Separate,5,6,5,0.00999999977648258,1.621497631072998,1.5142707824707031
Separate,5,7,5,0.00999999977648258,1.621497631072998,1.5142707824707031
Separate,5,8,5,0.00999999977648258,1.621497631072998,1.5142707824707031
Separate,5,9,5,0.00999999977648258,1.621497631072998,1.5142707824707031
Separate,5,10,5,0.00999999977648258,1.621497631072998,1.5142707824707031
Separate,5,11,5,0.00999999977648258,1.621497631072998,1.5142707824707031
Separate,5,12,5,0.00999999977648258,1.621497631072998,1.5142707824707031
Separate,5,13,5,0.00999999977648258,1.621497631072998,1.5142707824707031
Separate,5,14,5,0.00999999977648258,1.621497631072998,1.5142707824707031
Separate,5,15,5,0.00999999977648258,1.621497631072998,1.5142707824707031
Separate,5,16,5,0.00999999977648258,1.621497631072998,1.5142707824707031
Separate,5,17,5,0.00999999977648258,1.621497631072998,1.5142707824707031
Separate,5,18,5,0.00999999977648258,1.621497631072998,1.5142707824707031
Separate,5,19,5,0.00999999977648258,1.621497631072998,1.5142707824707031
Separate,5,20,5,0.00999999977648258,1.621497631072998,1.5142707824707031
Separate,6,0,5,0.00999999977648258,2.546261787414551,2.560945749282837
Separate,6,1,5,0.00999999977648258,2.546261787414551,2.560945749282837
Separate,6,2,5,0.00999999977648258,2.546261787414551,2.560945749282837
Separate,6,3,5,0.00999999977648258,2.546261787414551,2.560945749282837
Separate,6,4,5,0.00999999977648258,2.546261787414551,2.560945749282837
Separate,6,5,5,0.00999999977648258,2.546261787414551,2.560945749282837
Separate,6,6,5,0.00999999977648258,2.546261787414551,2.560945749282837
Separate,6,7,5,0.00999999977648258,2.546261787414551,2.560945749282837
Separate,6,8,5,0.00999999977648258,2.546261787414551,2.560945749282837
Separate,6,9,5,0.00999999977648258,2.546261787414551,2.560945749282837
Separate,6,10,5,0.00999999977648258,2.546261787414551,2.560945749282837
Separate,6,11,5,0.00999999977648258,2.546261787414551,2.560945749282837
Separate,6,12,5,0.00999999977648258,2.546261787414551,2.560945749282837
Separate,6,13,5,0.00999999977648258,2.546261787414551,2.560945749282837
Separate,6,14,5,0.00999999977648258,2.546261787414551,2.560945749282837
Separate,6,15,5,0.00999999977648258,2.546261787414551,2.560945749282837
Separate,6,16,5,0.00999999977648258,2.546261787414551,2.560945749282837
Separate,6,17,5,0.00999999977648258,2.546261787414551,2.560945749282837
Separate,6,18,5,0.00999999977648258,2.546261787414551,2.560945749282837
Separate,6,19,5,0.00999999977648258,2.546261787414551,2.560945749282837
Separate,6,20,5,0.00999999977648258,2.546261787414551,2.560945749282837
Separate,7,0,5,0.00999999977648258,2.3057801723480225,2.3091917037963867
Separate,7,1,5,0.00999999977648258,2.3057801723480225,2.3091917037963867
Separate,7,2,5,0.00999999977648258,2.3057801723480225,2.3091917037963867
Separate,7,3,5,0.00999999977648258,2.3057801723480225,2.3091917037963867
Separate,7,4,5,0.00999999977648258,2.3057801723480225,2.3091917037963867
Separate,7,5,5,0.00999999977648258,2.3057801723480225,2.3091917037963867
Separate,7,6,5,0.00999999977648258,2.3057801723480225,2.3091917037963867
Separate,7,7,5,0.00999999977648258,2.3057801723480225,2.3091917037963867
Separate,7,8,5,0.00999999977648258,2.3057801723480225,2.3091917037963867
Separate,7,9,5,0.00999999977648258,2.3057801723480225,2.3091917037963867
Separate,7,10,5,0.00999999977648258,2.3057801723480225,2.3091917037963867
Separate,7,11,5,0.00999999977648258,2.3057801723480225,2.3091917037963867
Separate,7,12,5,0.00999999977648258,2.3057801723480225,2.3091917037963867
Separate,7,13,5,0.00999999977648258,2.3057801723480225,2.3091917037963867
Separate,7,14,5,0.00999999977648258,2.3057801723480225,2.3091917037963867
Separate,7,15,5,0.00999999977648258,2.3057801723480225,2.3091917037963867
Separate,7,16,5,0.00999999977648258,2.3057801723480225,2.3091917037963867
Separate,7,17,5,0.00999999977648258,2.3057801723480225,2.3091917037963867
Separate,7,18,5,0.00999999977648258,2.3057801723480225,2.3091917037963867
Separate,7,19,5,0.00999999977648258,2.3057801723480225,2.3091917037963867
Separate,7,20,5,0.00999999977648258,2.3057801723480225,2.3091917037963867
Separate,8,0,5,0.00999999977648258,2.3911561965942383,2.145989179611206
Separate,8,1,5,0.00999999977648258,2.3911561965942383,2.145989179611206
Separate,8,2,5,0.00999999977648258,2.3911561965942383,2.145989179611206
Separate,8,3,5,0.00999999977648258,2.3911561965942383,2.145989179611206
Separate,8,4,5,0.00999999977648258,2.3911561965942383,2.145989179611206
Separate,8,5,5,0.00999999977648258,2.3911561965942383,2.145989179611206
Separate,8,6,5,0.00999999977648258,2.3911561965942383,2.145989179611206
Separate,8,7,5,0.00999999977648258,2.557051181793213,2.5220494270324707
Separate,8,8,5,0.00999999977648258,2.557051181793213,2.5220494270324707
Separate,8,9,5,0.00999999977648258,2.557051181793213,2.5220494270324707
Separate,8,10,5,0.00999999977648258,2.557051181793213,2.5220494270324707
Separate,8,11,5,0.00999999977648258,2.557051181793213,2.5220494270324707
Separate,8,12,5,0.00999999977648258,2.557051181793213,2.5220494270324707
Separate,8,13,5,0.00999999977648258,2.557051181793213,2.5220494270324707
Separate,8,14,5,0.00999999977648258,2.557051181793213,2.5220494270324707
Separate,8,15,5,0.00999999977648258,2.557051181793213,2.5220494270324707
Separate,8,16,5,0.00999999977648258,2.557051181793213,2.5220494270324707
Separate,8,17,5,0.00999999977648258,2.557051181793213,2.5220494270324707
Separate,8,18,5,0.00999999977648258,2.557051181793213,2.5220494270324707
Separate,8,19,5,0.00999999977648258,2.557051181793213,2.5220494270324707
Separate,8,20,5,0.00999999977648258,2.557051181793213,2.5220494270324707
Separate,9,0,5,0.00999999977648258,2.2818799018859863,2.1846914291381836
Separate,9,1,5,0.00999999977648258,2.2818799018859863,2.1846914291381836
Separate,9,2,5,0.00999999977648258,2.2818799018859863,2.1846914291381836
Separate,9,3,5,0.00999999977648258,2.2818799018859863,2.1846914291381836
Separate,9,4,5,0.00999999977648258,2.2818799018859863,2.1846914291381836
Separate,9,5,5,0.00999999977648258,2.2818799018859863,2.1846914291381836
Separate,9,6,5,0.00999999977648258,2.2818799018859863,2.1846914291381836
Separate,9,7,5,0.00999999977648258,2.2818799018859863,2.1846914291381836
Separate,9,8,5,0.00999999977648258,2.2818799018859863,2.1846914291381836
Separate,9,9,5,0.00999999977648258,2.2818799018859863,2.1846914291381836
Separate,9,10,5,0.00999999977648258,2.2818799018859863,2.1846914291381836
Separate,9,11,5,0.00999999977648258,2.2818799018859863,2.1846914291381836
Separate,9,12,5,0.00999999977648258,2.2818799018859863,2.1846914291381836
Separate,9,13,5,0.00999999977648258,2.2818799018859863,2.1846914291381836
Separate,9,14,5,0.00999999977648258,2.2818799018859863,2.1846914291381836
Separate,9,15,5,0.00999999977648258,2.2818799018859863,2.1846914291381836
Separate,9,16,5,0.00999999977648258,2.2818799018859863,2.1846914291381836
Separate,9,17,5,0.00999999977648258,2.2818799018859863,2.1846914291381836
Separate,9,18,5,0.00999999977648258,2.2818799018859863,2.1846914291381836
Separate,9,19,5,0.00999999977648258,2.2818799018859863,2.1846914291381836
Separate,9,20,5,0.00999999977648258,2.2818799018859863,2.1846914291381836
Separate,10,0,5,0.00999999977648258,1.8968762159347536,1.8831120729446411
Separate,10,1,5,0.00999999977648258,3.1027674674987793,2.960864782333374
Separate,10,2,5,0.00999999977648258,3.1027674674987793,2.960864782333374
Separate,10,3,5,0.00999999977648258,3.1027674674987793,2.960864782333374
Separate,10,4,5,0.00999999977648258,3.1027674674987793,2.960864782333374
Separate,10,5,5,0.00999999977648258,3.1027674674987793,2.960864782333374
Separate,10,6,5,0.00999999977648258,3.1027674674987793,2.960864782333374
Separate,10,7,5,0.00999999977648258,3.1027674674987793,2.960864782333374
Separate,10,8,5,0.00999999977648258,3.1027674674987793,2.960864782333374
Separate,10,9,5,0.00999999977648258,3.1027674674987793,2.960864782333374
Separate,10,10,5,0.00999999977648258,3.1027674674987793,2.960864782333374
Separate,10,11,5,0.00999999977648258,3.1027674674987793,2.960864782333374
Separate,10,12,5,0.00999999977648258,3.1027674674987793,2.960864782333374
Separate,10,13,5,0.00999999977648258,3.1027674674987793,2.960864782333374
Separate,10,14,5,0.00999999977648258,3.1027674674987793,2.960864782333374
Separate,10,15,5,0.00999999977648258,3.1027674674987793,2.960864782333374
Separate,10,16,5,0.00999999977648258,3.1027674674987793,2.960864782333374
Separate,10,17,5,0.00999999977648258,3.1027674674987793,2.960864782333374
Separate,10,18,5,0.00999999977648258,3.1027674674987793,2.960864782333374
Separate,10,19,5,0.00999999977648258,3.1027674674987793,2.960864782333374
Separate,10,20,5,0.00999999977648258,3.1027674674987793,2.960864782333374
Separate,11,0,5,0.00999999977648258,2.6371712684631348,2.5573220252990723
Separate,11,1,5,0.00999999977648258,2.6371712684631348,2.5573220252990723
Separate,11,2,5,0.00999999977648258,2.6371712684631348,2.5573220252990723
Separate,11,3,5,0.00999999977648258,2.6371712684631348,2.5573220252990723
Separate,11,4,5,0.00999999977648258,2.6371712684631348,2.5573220252990723
Separate,11,5,5,0.00999999977648258,2.6371712684631348,2.5573220252990723
Separate,11,6,5,0.00999999977648258,2.6371712684631348,2.5573220252990723
Separate,11,7,5,0.00999999977648258,2.6371712684631348,2.5573220252990723
Separate,11,8,5,0.00999999977648258,2.6371712684631348,2.5573220252990723
Separate,11,9,5,0.00999999977648258,2.6371712684631348,2.5573220252990723
Separate,11,10,5,0.00999999977648258,2.6371712684631348,2.5573220252990723
Separate,11,11,5,0.00999999977648258,2.6371712684631348,2.5573220252990723
Separate,11,12,5,0.00999999977648258,2.6371712684631348,2.5573220252990723
Separate,11,13,5,0.00999999977648258,2.6371712684631348,2.5573220252990723
Separate,11,14,5,0.00999999977648258,2.6371712684631348,2.5573220252990723
Separate,11,15,5,0.00999999977648258,2.6371712684631348,2.5573220252990723
Separate,11,16,5,0.00999999977648258,2.6371712684631348,2.5573220252990723
Separate,11,17,5,0.00999999977648258,2.6371712684631348,2.5573220252990723
Separate,11,18,5,0.00999999977648258,2.6371712684631348,2.5573220252990723
Separate,11,19,5,0.00999999977648258,2.6371712684631348,2.5573220252990723
Separate,11,20,5,0.00999999977648258,2.6371712684631348,2.5573220252990723
Separate,12,0,5,0.00999999977648258,2.770582437515259,2.7540390491485596
Separate,12,1,5,0.00999999977648258,2.770582437515259,2.7540390491485596
Separate,12,2,5,0.00999999977648258,2.770582437515259,2.7540390491485596
Separate,12,3,5,0.00999999977648258,2.770582437515259,2.7540390491485596
Separate,12,4,5,0.00999999977648258,2.770582437515259,2.7540390491485596
Separate,12,5,5,0.00999999977648258,2.770582437515259,2.7540390491485596
Separate,12,6,5,0.00999999977648258,2.770582437515259,2.7540390491485596
Separate,12,7,5,0.00999999977648258,2.770582437515259,2.7540390491485596
Separate,12,8,5,0.00999999977648258,2.770582437515259,2.7540390491485596
Separate,12,9,5,0.00999999977648258,2.770582437515259,2.7540390491485596
Separate,12,10,5,0.00999999977648258,2.770582437515259,2.7540390491485596
Separate,12,11,5,0.00999999977648258,2.770582437515259,2.7540390491485596
Separate,12,12,5,0.00999999977648258,2.770582437515259,2.7540390491485596
Separate,12,13,5,0.00999999977648258,2.770582437515259,2.7540390491485596
Separate,12,14,5,0.00999999977648258,2.770582437515259,2.7540390491485596
Separate,12,15,5,0.00999999977648258,2.770582437515259,2.7540390491485596
Separate,12,16,5,0.00999999977648258,2.770582437515259,2.7540390491485596
Separate,12,17,5,0.00999999977648258,2.770582437515259,2.7540390491485596
Separate,12,18,5,0.00999999977648258,2.770582437515259,2.7540390491485596
Separate,12,19,5,0.00999999977648258,2.770582437515259,2.7540390491485596
Separate,12,20,5,0.00999999977648258,2.770582437515259,2.7540390491485596
Separate,13,0,5,0.00999999977648258,2.1256449222564697,2.1749377250671387
Separate,13,1,5,0.00999999977648258,2.1256449222564697,2.1749377250671387
Separate,13,2,5,0.00999999977648258,2.1256449222564697,2.1749377250671387
Separate,13,3,5,0.00999999977648258,2.1256449222564697,2.1749377250671387
Separate,13,4,5,0.00999999977648258,2.1256449222564697,2.1749377250671387
Separate,13,5,5,0.00999999977648258,2.1256449222564697,2.1749377250671387
Separate,13,6,5,0.00999999977648258,2.1256449222564697,2.1749377250671387
Separate,13,7,5,0.00999999977648258,2.1256449222564697,2.1749377250671387
Separate,13,8,5,0.00999999977648258,2.1256449222564697,2.1749377250671387
Separate,13,9,5,0.00999999977648258,2.1256449222564697,2.1749377250671387
Separate,13,10,5,0.00999999977648258,2.1256449222564697,2.1749377250671387
Separate,13,11,5,0.00999999977648258,2.1256449222564697,2.1749377250671387
Separate,13,12,5,0.00999999977648258,2.1256449222564697,2.1749377250671387
Separate,13,13,5,0.00999999977648258,2.1256449222564697,2.1749377250671387
Separate,13,14,5,0.00999999977648258,2.1256449222564697,2.1749377250671387
Separate,13,15,5,0.00999999977648258,2.1256449222564697,2.1749377250671387
Separate,13,16,5,0.00999999977648258,2.1256449222564697,2.1749377250671387
Separate,13,17,5,0.00999999977648258,2.1256449222564697,2.1749377250671387
Separate,13,18,5,0.00999999977648258,2.1256449222564697,2.1749377250671387
Separate,13,19,5,0.00999999977648258,2.1256449222564697,2.1749377250671387
Separate,13,20,5,0.00999999977648258,2.1256449222564697,2.1749377250671387
Separate,14,0,5,0.00999999977648258,2.830902576446533,2.7004034519195557
Separate,14,1,5,0.00999999977648258,2.830902576446533,2.7004034519195557
Separate,14,2,5,0.00999999977648258,2.830902576446533,2.7004034519195557
Separate,14,3,5,0.00999999977648258,2.830902576446533,2.7004034519195557
Separate,14,4,5,0.00999999977648258,2.830902576446533,2.7004034519195557
Separate,14,5,5,0.00999999977648258,2.830902576446533,2.7004034519195557
Separate,14,6,5,0.00999999977648258,2.830902576446533,2.7004034519195557
Separate,14,7,5,0.00999999977648258,2.830902576446533,2.7004034519195557
Separate,14,8,5,0.00999999977648258,2.830902576446533,2.7004034519195557
Separate,14,9,5,0.00999999977648258,2.830902576446533,2.7004034519195557
Separate,14,10,5,0.00999999977648258,2.830902576446533,2.7004034519195557
Separate,14,11,5,0.00999999977648258,2.830902576446533,2.7004034519195557
Separate,14,12,5,0.00999999977648258,2.830902576446533,2.7004034519195557
Separate,14,13,5,0.00999999977648258,2.830902576446533,2.7004034519195557
Separate,14,14,5,0.00999999977648258,2.830902576446533,2.7004034519195557
Separate,14,15,5,0.00999999977648258,2.830902576446533,2.7004034519195557
Separate,14,16,5,0.00999999977648258,2.830902576446533,2.7004034519195557
Separate,14,17,5,0.00999999977648258,2.830902576446533,2.7004034519195557
Separate,14,18,5,0.00999999977648258,2.830902576446533,2.7004034519195557
Separate,14,19,5,0.00999999977648258,2.830902576446533,2.7004034519195557
Separate,14,20,5,0.00999999977648258,2.830902576446533,2.7004034519195557
Separate,15,0,5,0.00999999977648258,2.4158995151519775,2.3377723693847656
Separate,15,1,5,0.00999999977648258,2.4158995151519775,2.3377723693847656
Separate,15,2,5,0.00999999977648258,2.4158995151519775,2.3377723693847656
Separate,15,3,5,0.00999999977648258,2.4158995151519775,2.3377723693847656
Separate,15,4,5,0.00999999977648258,2.4158995151519775,2.3377723693847656
Separate,15,5,5,0.00999999977648258,2.4158995151519775,2.3377723693847656
Separate,15,6,5,0.00999999977648258,2.4158995151519775,2.3377723693847656
Separate,15,7,5,0.00999999977648258,2.4158995151519775,2.3377723693847656
Separate,15,8,5,0.00999999977648258,2.4158995151519775,2.3377723693847656
Separate,15,9,5,0.00999999977648258,2.4158995151519775,2.3377723693847656
Separate,15,10,5,0.00999999977648258,2.4158995151519775,2.3377723693847656
Separate,15,11,5,0.00999999977648258,2.4158995151519775,2.3377723693847656
Separate,15,12,5,0.00999999977648258,2.4158995151519775,2.3377723693847656
Separate,15,13,5,0.00999999977648258,2.4158995151519775,2.3377723693847656
Separate,15,14,5,0.00999999977648258,2.4158995151519775,2.3377723693847656
Separate,15,15,5,0.00999999977648258,2.4158995151519775,2.3377723693847656
Separate,15,16,5,0.00999999977648258,2.4158995151519775,2.3377723693847656
Separate,15,17,5,0.00999999977648258,2.4158995151519775,2.3377723693847656
Separate,15,18,5,0.00999999977648258,2.4158995151519775,2.3377723693847656
Separate,15,19,5,0.00999999977648258,2.4158995151519775,2.3377723693847656
Separate,15,20,5,0.00999999977648258,2.4158995151519775,2.3377723693847656
Separate,16,0,5,0.00999999977648258,2.366729259490967,2.540092945098877
Separate,16,1,5,0.00999999977648258,2.366729259490967,2.540092945098877
Separate,16,2,5,0.00999999977648258,2.366729259490967,2.540092945098877
Separate,16,3,5,0.00999999977648258,2.366729259490967,2.540092945098877
Separate,16,4,5,0.00999999977648258,2.366729259490967,2.540092945098877
Separate,16,5,5,0.00999999977648258,2.366729259490967,2.540092945098877
Separate,16,6,5,0.00999999977648258,2.539134740829468,2.540092945098877
Separate,16,7,5,0.00999999977648258,2.539134740829468,2.540092945098877
Separate,16,8,5,0.00999999977648258,2.539134740829468,2.540092945098877
Separate,16,9,5,0.00999999977648258,2.539134740829468,2.540092945098877
Separate,16,10,5,0.00999999977648258,2.539134740829468,2.540092945098877
Separate,16,11,5,0.00999999977648258,2.539134740829468,2.540092945098877
Separate,16,12,5,0.00999999977648258,2.539134740829468,2.540092945098877
Separate,16,13,5,0.00999999977648258,2.539134740829468,2.540092945098877
Separate,16,14,5,0.00999999977648258,2.539134740829468,2.540092945098877
Separate,16,15,5,0.00999999977648258,2.539134740829468,2.540092945098877
Separate,16,16,5,0.00999999977648258,2.539134740829468,2.540092945098877
Separate,16,17,5,0.00999999977648258,2.539134740829468,2.540092945098877
Separate,16,18,5,0.00999999977648258,2.539134740829468,2.540092945098877
Separate,16,19,5,0.00999999977648258,2.539134740829468,2.540092945098877
Separate,16,20,5,0.00999999977648258,2.539134740829468,2.540092945098877
Separate,17,0,5,0.00999999977648258,1.7114994525909424,1.7181847095489502
Separate,17,1,5,0.00999999977648258,1.7114994525909424,1.7181847095489502
Separate,17,2,5,0.00999999977648258,1.7114994525909424,1.7181847095489502
Separate,17,3,5,0.00999999977648258,1.7114994525909424,1.7181847095489502
Separate,17,4,5,0.00999999977648258,1.7114994525909424,1.7181847095489502
Separate,17,5,5,0.00999999977648258,1.7114994525909424,1.7181847095489502
Separate,17,6,5,0.00999999977648258,1.7114994525909424,1.7181847095489502
Separate,17,7,5,0.00999999977648258,1.7114994525909424,1.7181847095489502
Separate,17,8,5,0.00999999977648258,1.7114994525909424,1.7181847095489502
Separate,17,9,5,0.00999999977648258,1.7114994525909424,1.7181847095489502
Separate,17,10,5,0.00999999977648258,1.7114994525909424,1.7181847095489502
Separate,17,11,5,0.00999999977648258,1.7114994525909424,1.7181847095489502
Separate,17,12,5,0.00999999977648258,1.7114994525909424,1.7181847095489502
Separate,17,13,5,0.00999999977648258,1.7114994525909424,1.7181847095489502
Separate,17,14,5,0.00999999977648258,1.7114994525909424,1.7181847095489502
Separate,17,15,5,0.00999999977648258,1.7114994525909424,1.7181847095489502
Separate,17,16,5,0.00999999977648258,1.7114994525909424,1.7181847095489502
Separate,17,17,5,0.00999999977648258,1.7114994525909424,1.7181847095489502
Separate,17,18,5,0.00999999977648258,1.7114994525909424,1.7181847095489502
Separate,17,19,5,0.00999999977648258,1.7114994525909424,1.7181847095489502
Separate,17,20,5,0.00999999977648258,1.7114994525909424,1.7181847095489502
Separate,18,0,5,0.00999999977648258,2.7343461513519287,2.5858020782470703
Separate,18,1,5,0.00999999977648258,2.7343461513519287,2.5858020782470703
Separate,18,2,5,0.00999999977648258,2.7343461513519287,2.5858020782470703
Separate,18,3,5,0.00999999977648258,2.7343461513519287,2.5858020782470703
Separate,18,4,5,0.00999999977648258,2.7343461513519287,2.5858020782470703
Separate,18,5,5,0.00999999977648258,2.7343461513519287,2.5858020782470703
Separate,18,6,5,0.00999999977648258,2.7343461513519287,2.5858020782470703
Separate,18,7,5,0.00999999977648258,2.7343461513519287,2.5858020782470703
Separate,18,8,5,0.00999999977648258,2.7343461513519287,2.5858020782470703
Separate,18,9,5,0.00999999977648258,2.7343461513519287,2.5858020782470703
Separate,18,10,5,0.00999999977648258,2.7343461513519287,2.5858020782470703
Separate,18,11,5,0.00999999977648258,2.7343461513519287,2.5858020782470703
Separate,18,12,5,0.00999999977648258,2.7343461513519287,2.5858020782470703
Separate,18,13,5,0.00999999977648258,2.7343461513519287,2.5858020782470703
Separate,18,14,5,0.00999999977648258,2.7343461513519287,2.5858020782470703
Separate,18,15,5,0.00999999977648258,2.7343461513519287,2.5858020782470703
Separate,18,16,5,0.00999999977648258,2.7343461513519287,2.5858020782470703
Separate,18,17,5,0.00999999977648258,2.7343461513519287,2.5858020782470703
Separate,18,18,5,0.00999999977648258,2.7343461513519287,2.5858020782470703
Separate,18,19,5,0.00999999977648258,2.7343461513519287,2.5858020782470703
Separate,18,20,5,0.00999999977648258,2.7343461513519287,2.5858020782470703
Separate,19,0,5,0.00999999977648258,1.9947280883789065,1.9185783863067627
Separate,19,1,5,0.00999999977648258,1.9947280883789065,1.9185783863067627
Separate,19,2,5,0.00999999977648258,1.9947280883789065,1.9185783863067627
Separate,19,3,5,0.00999999977648258,1.9947280883789065,1.9185783863067627
Separate,19,4,5,0.00999999977648258,1.9947280883789065,1.9185783863067627
Separate,19,5,5,0.00999999977648258,1.9947280883789065,1.9185783863067627
Separate,19,6,5,0.00999999977648258,1.9947280883789065,1.9185783863067627
Separate,19,7,5,0.00999999977648258,1.9947280883789065,1.9185783863067627
Separate,19,8,5,0.00999999977648258,1.9947280883789065,1.9185783863067627
Separate,19,9,5,0.00999999977648258,1.9947280883789065,1.9185783863067627
Separate,19,10,5,0.00999999977648258,1.9947280883789065,1.9185783863067627
Separate,19,11,5,0.00999999977648258,1.9947280883789065,1.9185783863067627
Separate,19,12,5,0.00999999977648258,1.9947280883789065,1.9185783863067627
Separate,19,13,5,0.00999999977648258,1.9947280883789065,1.9185783863067627
Separate,19,14,5,0.00999999977648258,1.9947280883789065,1.9185783863067627
Separate,19,15,5,0.00999999977648258,1.9947280883789065,1.9185783863067627
Separate,19,16,5,0.00999999977648258,2.3020594120025635,2.3316380977630615
Separate,19,17,5,0.00999999977648258,2.3020594120025635,2.3316380977630615
Separate,19,18,5,0.00999999977648258,2.3020594120025635,2.3316380977630615
Separate,19,19,5,0.00999999977648258,2.3020594120025635,2.3316380977630615
Separate,19,20,5,0.00999999977648258,2.3020594120025635,2.3316380977630615
Separate,20,0,5,0.00999999977648258,2.7858617305755615,2.8524038791656494
Separate,20,1,5,0.00999999977648258,2.7858617305755615,2.8524038791656494
Separate,20,2,5,0.00999999977648258,2.7858617305755615,2.8524038791656494
Separate,20,3,5,0.00999999977648258,2.7858617305755615,2.8524038791656494
Separate,20,4,5,0.00999999977648258,2.7858617305755615,2.8524038791656494
Separate,20,5,5,0.00999999977648258,2.7858617305755615,2.8524038791656494
Separate,20,6,5,0.00999999977648258,2.7858617305755615,2.8524038791656494
Separate,20,7,5,0.00999999977648258,2.7858617305755615,2.8524038791656494
Separate,20,8,5,0.00999999977648258,2.7858617305755615,2.8524038791656494
Separate,20,9,5,0.00999999977648258,2.7858617305755615,2.8524038791656494
Separate,20,10,5,0.00999999977648258,2.7858617305755615,2.8524038791656494
Separate,20,11,5,0.00999999977648258,2.7858617305755615,2.8524038791656494
Separate,20,12,5,0.00999999977648258,2.7858617305755615,2.8524038791656494
Separate,20,13,5,0.00999999977648258,2.7858617305755615,2.8524038791656494
Separate,20,14,5,0.00999999977648258,2.7858617305755615,2.8524038791656494
Separate,20,15,5,0.00999999977648258,2.7858617305755615,2.8524038791656494
Separate,20,16,5,0.00999999977648258,2.7858617305755615,2.8524038791656494
Separate,20,17,5,0.00999999977648258,2.7858617305755615,2.8524038791656494
Separate,20,18,5,0.00999999977648258,2.7858617305755615,2.8524038791656494
Separate,20,19,5,0.00999999977648258,2.7858617305755615,2.8524038791656494
Separate,20,20,5,0.00999999977648258,2.7858617305755615,2.8524038791656494
